Francais,Malagasy,Anglais
art et artisanat,zavakanto,art and handicrafts
grain de collier (un),vakana,bead (a)
gravure (une),sokitra,"carving (a),engraving (an)"
inscription (une),sokitra,"carving (a),engraving (an)"
perle (une),vakana,bead (a)
astronomie,haikintana,astronomy
apparaître,miposaka,"appear (to),rise [sun] (to)"
ciel,lanitra,"heaven,sky"
cieux,lanitra,"heaven,sky"
clair de lune,"diam-panjava,diavolana",moonlight
clair de lune (un),davolana,moonlight (a)
éclipse de lune,takonam-bolana,eclipse (lunar)
éclipse de lune (une),lo e volana,lunar eclipse (a)
éclipse de soleil (une),lo e masoandro,solar eclipse (a)
éclipse du soleil,takona-masoandro,eclipse (solar)
étoile,"fantara,kintana","meteor,star"
étoile filante (une),tainkintana,"meteor (a),shooting star (a)"
firmament,"habaka,lanitra","heaven,sky"
lever de lune (un),fiposahana,"moonrise,sunrise"
lever de soleil (un),fiposahana,"moonrise,sunrise"
lever [soleil] (se),miposaka,"appear (to),rise [sun] (to)"
lune (la),volana,moon (the)
lune (la pleine),feno volana,moon (a full)
météore,fantara,"meteor,star"
météore (un),tainkintana,"meteor (a),shooting star (a)"
météorite (une),tainkintana,"meteor (a),shooting star (a)"
nouvelle lune,tsinana,new moon
orion,telonohorefy,orion
pléiades (les),kotokelimiadilaona,pleiades (the)
pleine lune,"fenomanana,taboka,vorofotsy",full moon
soleil,masoandro,sun
télescope,masolavitra,telescope
vénus,"fitarikandro,vadim-bolana,vasiavadimbola",venus
biologie,haiaina,biology
abdomen (un),kibo,"abdomen (an),belly (a),stomach (a),womb (a)"
accouché (qui a),teraka,"born,delivered of child"
accoucher,miteraka,birth (to give)
aisselle (une),helika,armpit (an)
amygdales (les),amboakelintenda,tonsils (the)
annulaire (un),manarapoana,finger (a ring)
anus (un),"fory,masom-pory,masontay",anus (an)
apparence,tarehy,"appearance,face"
appendice,"kambin-tsinay,kambontsinay","appendix,vermiform appendix"
apprendre,mandre,"hear (to),perceive (to)"
arête (une),taolana,bone (a)
artère,"fanely,lalan-dra","artery,blood vessel,vein"
articulation (une),"famavany,tonon-taolana","articulation (an),joint (a)"
auriculaire (le doigt),ankikely,"finger (the little),pinky (the)"
auriculaire (un),"ankihikely,bisibisike kinky","finger (the little),pinky (the)"
avaler (action d'),fitelemana,"delicacy (a),gorge (a),throat (a)"
avant-bras (un),lanton-tanana,arm (an)
barbe (une),"sômbotro,somotra,volombava","beard (a),moustache (a)"
bassin (un),"taola-maoja,taola-moja",pelvis bones
bave (une),ivy,saliva
bec (un),vava,mouth (a)
bile,"afero,azoazo,ranonafero","bile,gall-bladder,gall"
blessé,vaky ra,"bleeding,bleed (to)"
bosse (une),trafo,hump (a)
bouche (une),vava,mouth (a)
bras (un avant-),lanton-tanana,arm (an)
bras (un),sandry,arm (an)
cadavre (un),faty,"corpse (a),death"
cage thoracique (une),haran-tratra,ribcage (a)
callosités (des),kotro,hoof (a)
callosité (une),kitro,"callus (a),corn (a)"
cals (des),kotro,hoof (a)
canine,"famakifary,vangy",eye teeth
carcasse (une),vatana,"body (the),trunk (the)"
carpe,"taolan-katotanana,taolan-katsika,taolan-tanana","carpus,metacarpus"
cartilage,"taola-malemy,taolan-karepoka","cartilage,gristle"
cellule (une),sela,cell (a)
cerveau (un),"atidoha,betro","brain (a),brains (the),forehead (a),intellect (an)"
cervelle (une),betro,"brain (a),forehead (a),intellect (an)"
cervical,taolam-bozona,cervical
chair (la),nofo,flesh (the)
charogne (une),faty,"corpse (a),death"
cheveux qui tombent en se peignant,fati-bolo,hair that comes out in combing
cheville (une),"fingotra,kitrokely",leg (a)
cils (des),volomaso,eyebrow (an)
cil (un),"tsibolo,volomaso",eyebrow (an)
clavicule,taolampanavy,collar-bone
coeur (un),fo,"heart (a),pith (the)"
colonne vertébrale (une),hazon-damosina,"spinal bone (a),spine (a)"
col (un),vozona,neck (a)
cornée,fitaratry ny maso,cornea
cornet acoustique (un),fihainoana,"auscultation (an),stethoscope (a)"
corps,vatan-tena,body
corps humain (le),vatana,"body (the),trunk (the)"
cosse,hoditra,"bark (a),hide (a),skin (a)"
cosse (une),hoditra,"bark (a),hide (a),skin (a)"
côte,"taolan-kima,taolan-tritry,tehezana,tritry",rib
côtelette,tehezana,rib
cou-de-pied (un),hatotongotra,ankle (an)
coude (un),kiho,elbow (an)
cou (un),vozona,neck (a)
crâne,taolan-doha,skull
crâne (un),karandoha,skull (a)
croupe (une),vody,"posterior (a),rump (a)"
cuir,hoditra,"bark (a),hide (a),skin (a)"
cuisse (une),fe,thigh (a)
déchet,tay,"dung,excrement,refuse"
délivrance (une),ahitra,placenta (the)
dent de sagesse (une),faravazana,molar (a)
dent (une),"hify,ify",tooth (a)
derrière (un),vody,"posterior (a),rump (a)"
doigt de la main (un),rantsan-tanana,"finger (a),fingers (the)"
doigt de pied (un),rantsan-tongotra,toe (a)
doigts de la main (les),rantsan-tanana,"finger (a),fingers (the)"
doigts de pieds,rantsam-bity,toes
doigt (un petit),ankihikely,"finger (the little),pinky (the)"
dos (le),lamosina,back (the)
durillons (des),kotro,hoof (a)
durillon (un),kitro,"callus (a),corn (a)"
écorce,hoditra,"bark (a),hide (a),skin (a)"
écorce (une),hoditra,"bark (a),hide (a),skin (a)"
écouter (action d'),fihainoana,"auscultation (an),stethoscope (a)"
écouteur (un),fihainoana,"auscultation (an),stethoscope (a)"
embryon (un),atody,egg (an)
enceinte,manan-anaka,pregnant
enclume,taola-mitohy,"incus,malleus"
enfanté (qui a),teraka,"born,delivered of child"
enfanter,miteraka,birth (to give)
engendrer,miteraka,birth (to give)
entendre,mandre,"hear (to),perceive (to)"
entrailles,"lafatra,tsibotay,tsinay","entrails,intestine"
entrée (une),vava,mouth (a)
enveloppe,hoditra,"bark (a),hide (a),skin (a)"
épaule (une),soroka,shoulder (a)
épine dorsale,taolan-dava,"backbone,spinal column"
épine dorsale (une),"hazon-damosina,taolan-damosina","backbone (a),spinal bone (a),spine (a)"
estomac (un),vavony,stomach (a)
excrément,taim-boraka,dung
excrément,"diky,tay","dung,excrement,filth,refuse"
expérimentation,fitsapana,"experiment,feeling,touching"
exterius,ankihikelintongotra,toe (the little)
facteur héréditaire,zena,gene
femelle,vavy,female
fémur (un),taolam-pe,femur (a)
fesses,ravimbody,buttocks
fiel,afero,"bile,gall-bladder,gall"
foetus (un),tsaika,foetus (a)
foie (le),aty,liver
fontanelle,"hevo,lohamalemy",fontanel
fossettes (des),fandaingana,dimple (a)
front (le),handrina,forehead (the)
gencive,hihi-nify,gum
gencives (les),hihy,gums (the)
gencive (une),akanjo-nify,gum (a)
gène,zena,gene
genou,"leferana,lohalika","knee (a),knee,popliteal,popliteus"
gensive (une),hihy,gums (the)
giron (le),fofoana,bosom
gorge (une),fitelemana,"delicacy (a),gorge (a),throat (a)"
gorge (une),tenda,throat (a)
goulot (un),vozona,neck (a)
goût (un),tsiro,taste (a)
griffe (une),"angofo,hoho","claw (a),nail (a)"
gueule (une),vava,mouth (a)
hanche,taolan-tsikina,hipbone
hanche (haut de la),"taola-maoja,taola-moja",pelvis bones
hanche (une),andilana,loin (a)
haut de la cuisse,foto-pe,upper thigh
humaine (au),hoditra,"bark (a),hide (a),skin (a)"
humérus,taolan-tsandry,humerus
iliaque,ila taola-maoja,"hipbone,iliac"
index (l'),fanondro,index finger (the)
index (un),tondro,finger (a)
intérieur (l'),fo,"heart (a),pith (the)"
intestin,"aky,tsinay","entrails,intestine"
jambe (une),"kirandra,ranjo,tongotra","foot (a),leg (a)"
joint (un),famavany,"articulation (an),joint (a)"
joue,"holaka,takolaka",cheek
joue (la),fify,cheeks (the)
larmes (des),ranomaso,"tear (a),tears"
larmes (une),ranomaso,"tear (a),tears"
lèvre,molotra,lip
mâchoire,"valanorana,valanorano",jaw
mains (des),tanana,"foreleg of quadrupeds (the),hand (the)"
main (une),tanana,"foreleg of quadrupeds (the),hand (the)"
mamelle,nono,"breast,udder"
manche (une),tanana,"foreleg of quadrupeds (the),hand (the)"
mandibule,"taolam-balanorano,vangy",jawbone
marteau,taola-mitohy,"incus,malleus"
matrice,fananahana,womb
matrice (une),vohoka,womb (a)
membre inférieur (un),rantsam-batana ambany,limb (lower)
menstruation (une),fotoana,period (a)
menton (le),saoka,chin (the)
menton,"saomaka,somaka",chin
métacarpe,"lahatanana,taolan-tanana","carpus,metacarpus"
métatarse,"lahatongotra,taolan-tongotra","metatarsus,tarsus"
mettre bas (qui vient de),teraka,"born,delivered of child"
miction,famaniana,urethra
moëlle (la),fo,"heart (a),pith (the)"
molaire (une),vazana,molar (a)
mollet (un),kibon-dranjo,calf (a)
mort (un),faty,"corpse (a),death"
morve (une),lelo,mucus (a)
moustache (une),"sômbotro,volombava","beard (a),moustache (a)"
muer,miofaka,"peel off (to),scale (to)"
mufle (un),vava,mouth (a)
muscle (un),"nofotra,ozatra,siraka","muscle (a),sinew (a)"
museau (un),vava,mouth (a)
narine,vavorona,nostril
nasal,taolan' orona,nasal
né,teraka,"born,delivered of child"
nerf (un),"fitatitra,ozatra","muscle (a),sinew (a)"
neurone (un),nerônina,neuron (a)
nez (un),orona,nose (a)
noeud (un),famavany,"articulation (an),joint (a)"
nombril (un),foitra,navel (a)
nuque (extrémité de la),fara hatoka,nape of the neck (upper part)
occipital (os),taola-mokondoha,occipital bone
odorat,"fanamboloana,fanimboloana",smelling
oeil (un),"fanenty,maso,voamaso","eye (an),eyeball (an),eyes"
oeuf (un),atody,egg (an)
ombilic (un),foitra,navel (a)
omoplate,"rangomaina,taolan-avay","blade-bone,scapula,shoulder blade"
ongle (un),"angofo,hoho","claw (a),nail (a)"
orbite,taola-maso,"eye-socket,orbit"
ordure,"diky,tay","dung,excrement,filth,refuse"
oreille,tadiny,ear
oreille (une),"sofina,sofiñy",ear (an)
orteil (le petit),ankihikelintongotra,toe (the little)
orteil (un),"rantsan-tongotra,tôndron-vity",toe (a)
orthosympathique,ôrtôsempatika,orthosympathetic
os iliaque (un),"taola-maoja,taola-moja",pelvis bones
os (un),taolana,bone (a)
ouïe,"fandrenesana,fitainoana",hearing
ouïe (une),fihainoana,"auscultation (an),stethoscope (a)"
ouverture (une),vava,mouth (a)
palais,lanilany,palate
palper,fitsapana,"experiment,feeling,touching"
pariétal,taolan-tsolampy,parietal
patte de devant d'un quadrupède (une),tanana,"foreleg of quadrupeds (the),hand (the)"
patte (une),tongotra,"foot (a),leg (a)"
paumede la main (la),felatanana,palm of the hand (the)
paupière,hodimaso,eyelid
peau,hoditra,"bark (a),hide (a),skin (a)"
peau (une),hoditra,"bark (a),hide (a),skin (a)"
percevoir,mandre,"hear (to),perceive (to)"
phalange (une),"vanin-drantsana,vanin-tondro",phalanx (a)
pied (un),"hongotra,tongotra","foot (a),leg (a)"
pis,nono,"breast,udder"
pisser,"mamany,mifama","piss (to),urinate (to)"
placenta (le),ahitra,placenta (the)
placenta,"plasenta,tavony,zandrin-jaza","afterbirth,placenta"
plexus,vavafo,plexus
poignet (un),hatotanana,wrist (a)
poing,"hondry,tsapoky",fist
poitrail (un),tratra,"breast (a),chest (a)"
poitrine (une),tratra,"breast (a),chest (a)"
pommette,taolan-tava,cheekbone
poplité,leferana,"knee (a),popliteal,popliteus"
postérieur (un),vody,"posterior (a),rump (a)"
pouce (le),ankihibe,thumb (the)
pouce (un),"ankibe,ankihiben-tanana",thumb (a)
poumon,havokavoka,lung
pupille de l'oeil (la),anakandriamaso,pupil of the eye (a)
quintus,ankihikelintongotra,toe (the little)
rate (une),ary,"milt (a),spleen (a)"
rayon (un),tanana,"foreleg of quadrupeds (the),hand (the)"
rein,valahana,loin
rein (un),voa,kidney (a)
reproduction,fananahana,womb
respiration (une),"fiainana,fiaina,fisefo","breathing (act of),life (a)"
respiratoire (le canal),fiainana,"breathing (act of),life (a)"
respirer (action de),fiainana,"breathing (act of),life (a)"
rognon (un),voa,kidney (a)
rotule (une),"ampelandohalika,katrokatro,taolan-dohalika,tsopoko","kneecap (a),kneepan (a)"
saigner,vaky ra,"bleeding,bleed (to)"
saleté,diky,"dung,excrement,filth"
salive (une),ivy,saliva
sang (le),ra,blood
sein,nono,"breast,udder"
sensation,fandrenesana,hearing
sentir,mandre,"hear (to),perceive (to)"
skelette (un),haran-olona,skeleton (a)
soupirail (un),fiainana,"breathing (act of),life (a)"
sourcil,"ankaosy,manjamaso,volotsitry",eyebrow
stéthoscope (un),fihainoana,"auscultation (an),stethoscope (a)"
sueur,hatsembohana,sweat
sueur (une),dinitra,"perspiration (a),sweat (a)"
talon,"hotro,ombalahin-tongotra,tomotro",heel
tarse,"taolan-katotongotra,taolan-tongotra,tarsa","metatarsus,tarsus"
tartre (un),kitro,"callus (a),corn (a)"
temporal,taolam-pihirifana,temporal
testicule,"atodinakanga,vihy","testicle,testis"
tête (une),loha,head (a)
tibia,"kirango,kiranjo,taolam-peky,taolan-dranjo",tibia
toucher,fitsapana,"experiment,feeling,touching"
tronc (un),tenabe,trunk (a)
uriner,"mamany,mifama,mivalan-drano","piss (to),urinate (to)"
urine,"amany,bitsa,fama",urine
usages des ancêtres,fara hatoka,nape of the neck (upper part)
utérus,"fananahana,vihidinty",womb
vaisseau sanguin,lalan-dra,"artery,blood vessel,vein"
vaisseau,fantson-dra,blood-vessel
veine (une),"ozatra,vena","muscle (a),sinew (a)"
veine,lalan-dra,"artery,blood vessel,vein"
vêler,miteraka,birth (to give)
ventre (un),kibo,"abdomen (an),belly (a),stomach (a),womb (a)"
ventricule (un),"hoboky ny fo,lapan' ny fo",ventricle (a)
vertèbre,taolam-body,vertebra
vésicule,afero,"bile,gall-bladder,gall"
vessie (une),tatavia,bladder (a)
vie (une),fiainana,"breathing (act of),life (a)"
visage,"tarehy,tava","appearance,face"
vision (une),fahitana,"sight (a),vision (a)"
vue (une),fahitana,"sight (a),vision (a)"
vulve,"andetra,fala,kindy,tengy,totoky,vavam-pivaviana",vulva
yeux bleus,ngara,"blue eyed,grey eyed"
yeux (des),"fanenty,maso","eye (an),eyes"
yeux gris,ngara,"blue eyed,grey eyed"
zygote (un),atody,egg (an)
botanique,haizavamaniry,botany
vaccin (un),fanefitra,vaccine (a)
vapeur (une),fofona,odor (an)
végétation de marécage,heniheny,swamp (a)
ylang-ylang,ilañilañy,ilang-ilang
botanique:arbre,haizavamaniry:hazo,botany:tree
arbre (espèce d'),"alampona,amborandrainivelona,andrambafohy,fanaladindo,katepoke,tafonana,tafononana,tamborisa,taravina,timbarika,tobory,tsilongondongotra,tsimiramira,tsimiranjana,tsimoly,tsitolona,tsokakoho,valimpona,valotsarona,vapaka,varonala,voamanerana,voamay,voampirakitra,voantsidity,voatalanana,vodiomby,vohody,zala,zanahy",tree (species of)
banane (une),akondro,banana (a)
bananier (un),akondro,banana (a)
banyan,monoko,banyan
baobab,"bozy,tontoro,zaha",baobab
baobab (un),"bozo,za","baobab (a),baobab tree (a)"
cactus,"raiketra,raketa",cactus
chêne,oaka,oak
épine,roy,"bush,thorn"
épineux,roy,"bush,thorn"
figue,aviavy,fig
figuier (espèce de),"adabolahy,adabonolona,adabonomby,voara",ficus (species of)
figuier,"amaotaña,amontana,aviavy",fig
goyave,goavy,guava
goyavier,goavy,guava
jacquier,ampalibe,"jackfruit,jack"
jaque,ampalibe,"jackfruit,jack"
jaquier,"ampalibe,ampalisy","jackfruit,jack"
kapok (du),kapoaka,kapok
kapokier (un),kapoaka,kapok
mangrove,alan-konko,mangrove
mangue,manga,mango
mûrier,voaroy,mulberry
mûrier (un),hazondandy,mulberry tree (a)
palmier (espèce de),banty,palm (species of)
palmiste,banty,palm (species of)
sycomore,amontana,fig
tisane,fandramana,tea
botanique:épice,haizavamaniry:fifinto,botany:spice
café,kafe,coffee
cannelle,kanelina,cinnamon
gingembre,"sakaitany,sakarivo",ginger
girofle,"jirofo,jorofo",clove
menthe,solila,mint
muscade,voamanitra,nutmeg
piment,sakay,pepper
safran (le),tamotamo,"saffron plant (the),tumeric plant (the)"
botanique:feuille,haizavamaniry:ravina,botany:leaf
botanique:fleur,haizavamaniry:voninkazo,botany:flower
fleur de nénuphar,vonim-boahirana,waterlily flower
nénuphar,tatamo,water lily
rose (une fleur de),raozy,rose flower (a)
botanique:fruit,haizavamaniry:voankazo,botany:fruit
arachide,"kapiky,kolitry,voanjo katra",peanut
arachide (une),"kapika,voanjombazaha,voanjo","peanut (a),peanuts"
banane,boroboaka,banana
banane (espèce de),"mavokely,ontsy",banana (a)
banane (une),"afontsy,akondro",banana (a)
bananier (un),"afontsy,akondro",banana (a)
bibasse,bibasy,loquat
bibassier,bibasy,loquat
cacahuète,kapiky,peanut
cacahuète (une),"kapika,voanjolava",peanut (a)
cacahuète (une),voanjo,"peanut (a),peanuts"
citron (un),"tsôa,voasary","lemon (a),orange (an)"
citrouille,voatavo,"melon,pumpkin"
corossol,voantsokona,soursop
fraises (des),frezy,strawberry (a)
fraise (une),frezy,strawberry (a)
fruit à pain,soanambo,breadfruit
goyave,"angavo,gava,goavy",guava
groseille du cap,voanantsindrana,"bush passion fruit,love-in-a-mist,marya-marya,running pop,stinking passionflower,wild maracuja,wild water lemon"
kaki,kaky,"persimmon,sharon fruit"
melon,voatavo,"melon,pumpkin"
melon musqué (espèce de),voatango,muskmelon (kind of)
nèfle,"bibasy,pibasy",loquat
néflier,"bibasy,pibasy",loquat
orange (une),"laoranjy,voasary","lemon (a),orange (an)"
pamplemousse,voangibe,grapefruit
pastèque,"voajabo,voanketsihetsy,voatavorano",watermelon
pastèque (une),voazava,watermelon (a)
pêcher (un),"paiso,peso","peach (a),peach tree (a)"
pêche (une),paisom-bazaha,plum (a)
pêche (une),"paiso,peso","peach (a),peach tree (a)"
pistache,"kapiky,voanjo katra",peanut
pistache (une),"kapika,voanjombazaha,voanjo","peanut (a),peanuts"
poc-poc,voanantsindrana,"bush passion fruit,love-in-a-mist,marya-marya,running pop,stinking passionflower,wild maracuja,wild water lemon"
pommes (des),paoma,"apple (an),apples"
pomme (une),paoma,"apple (an),apples"
potiron,voatavo,"melon,pumpkin"
prune (une),"paisom-bazaha,paiso","peach (a),peach tree (a),plum (a)"
prunier (un),paiso,"peach (a),peach tree (a)"
raisin,"takifoka,voaloboka,voaloboke",grape
riz (grain de),voambary,rice grain
tomate (une),"voatabia,voatabiha",tomato (a)
vigne,"voaloboka,voaloboke",grape
botanique:herbe,haizavamaniry:ahitra,botany:grass
algue,lomotra,"algae,scum,seaweed"
algue (une),ahidrano,"algae (an),seaweed (a)"
amaranthe (espèce d'),anantarobazaha,herb (kind of)
ambaville,anjavidy,heather
ambrevade,"ambarivatry,amberivatry,antsotry",ambrevade
bambou (un),"volotsangana,volo",bamboo (a)
belle-de-nuit,belakariva,four o'clock flower
blé (le),varimbazaha,"cereal,wheat"
bruyère,anjavidy,heather
canne à sucre,fary,sugar cane
canne à sucre,fisika,sugarcane
chaume,bozaka,grass
citronnelle,veromanitra,lemongrass
coton,landihazo,cotton
foin,ahimaina,hay
fougère (une),ampanga,fern (a)
fourrage (du),ahitromby,herb (an)
froment (le),varimbazaha,"cereal,wheat"
herbe,"bozaka,bozake",grass
ivraie,"ahidratsy,akofa",chaff
jonc (espèce de),banòka,rush (species of)
mil,ampemba,sorghum
mousse,"hambina,kambana,kambina,lomotra","algae,scum,seaweed"
riz (du),vary,rice
riz (variété de),"botri-vaventy,makalioka,tsiavasana,varivanio,varivato",rice (variety of)
roseau (espèce de),harefo,"reed (species of),rush (species of)"
roseau (un),"volotsangana,volo",bamboo (a)
safran marron,dingiza,indian shot
sisal (fibre de),taretra,"sisal fiber,sisal"
sisal,taretra,"sisal fiber,sisal"
son,"akofa,ampombo","bran,chaff"
sorgho,"ampemba,femba",sorghum
souchet (un),zozoro,sedge (a)
tabac (un),tambako,tobacco
botanique:légume,haizavamaniry:anana,botany:vegetable
ambrette,bana,eggplant
amidon,tavolo,"arrowroot,starch"
arum,saonjo,"arum,taro"
aubergine,"bana,baranjele,baranjely","aubergine (the),brinja (the),egg-apple (the),egg-plant (the),eggplant"
chou pommé (un),laisoa,cabbage (a)
chou (un),laisoa,cabbage (a)
courge,"babaka,kasingy",pumpkin
cresson,"anadrano,anandrano",watercress
empesage,tavolo,"arrowroot,starch"
fécule,tavolo,"arrowroot,starch"
gouet,saonjo,"arum,taro"
herbe potagère (une),anatsongo,vegetable (kind of)
manioc,"balahazo,kazaha,mangahazo","cassava,manioc"
melon,taboara,gourd
morelle,anamamy,vegetable
navet,"anambe,nave",turnip
patate douce,"bageda,batata,bele",sweet potato
patate douce (variété de),belena,sweet potato
patate,bokala,sweet potato
patate (une),"ovy,vomanga","potato (a),sweet potato (a)"
pomme de chou (une),laisoa,cabbage (a)
pomme de terre (une),ovy,potato (a)
radis,radisa,radish
taro,"saonjo,sonzo","arum,taro"
botanique:palmier,haizavamaniry:hazo palma,botany:palm
arbre à voyageur,ravinala,traveler's tree
arbre du voyageur,bemavo,traveler's tree
arbre du voyageur (l'),ravimpotsy,traveller' tree (the)
latanier (un),satrana,palm (a)
palmier (un),satrana,palm (a)
panneau en tiges de palmier,falafa,"palm,panel"
raphia (le palmier),rofia,raffia palm (the)
raphia,"femby,raofia",rafia
ravenala,ravinala,traveler's tree
botanique:plantes médicinales,haizavamaniry:zavamaniry fanao fanafody,botany:medicinal plants
aloès,vahona,aloes
ananas (un),mananasy,pineapple (a)
bambou,bararata,bamboo
cajou (pomme,abiba,cashew apple
cocotier (un),voanio,"coconut (a),coconut tree (a)"
coco (un),voanio,"coconut (a),coconut tree (a)"
épines du christ,songosongo,crown of thorns
eucalyptus,kininina,eucalyptus
figuier (espèce de),adabo,fig-tree (species of)
gingembre,sakamalao,ginger
indigotier (espèce d'),aikaberavina,indigo plant (spacies of)
infusion,ravimboafotsy,"infusion,tea"
infusion (une),voafotsy,"infusion (an),tea"
mimosa,akasia,acacia
noix de cajou,abiba,cashew apple
noix de),abiba,cashew apple
pervenche,vonenina,periwinkle
poivre,dipoavatra,pepper
poivrier,ferifery,pepper
pomme cajou,abiba,cashew apple
tamarinier (un),"kile,kily,madiro","tamarind (a),tamarind fruit,tamarind tree"
tamarin (un),"kile,kily,madiro","tamarind (a),tamarind fruit,tamarind tree"
thé (du),voafotsy,"infusion (an),tea"
thé,ravimboafotsy,"infusion,tea"
vanille (la),vanila,vanila
chimie,simia,chemistry
acide (un),"asidra,ranomahery","acid (an),vitriol"
actinium,ac,actinium
alambic,lalambika,still
aluminium,"al,viraty","aluminium,aluminum"
américium,am,americium
antimoine,"antimoanina,sb",antimony
argentan,nickel silver,argentan
argent,"ag,volafotsy",silver
argent (l'),vola,silver (the)
argon,"argôna,ar",argon
arsenic,arsenika,arsenic
atome (un),atôma,atom (an)
azote,"azaoty,azôty,nitirôzenina,n","nitrgen,nitrogen"
béryllium (le),be,beryllium (the)
bicarbonate,karibonetra,"bicarbonate,soda"
bismuth,bizimofo,bismuth
bore,b,boron
brome,br,bromine
bronze,"alimo,halimo,saba,varahina","brass,bronze,copper"
bronze (du),sabamena,bronze
caesium,cs,cesium
calcium,diontsokay,calcium
carbone,"c,dionariña,karbônina",carbon
charbon,arina,"charcoal,soot"
chaux (la),sokay,lime
chimique,simika,chemical
chlore,"cl,klôro",chlorine
chrome,"cr,krôma",chromium
cuivre blanc,fomahery,pewter
cuivre,"cu,saba,varahina","brass,copper"
curium,cm,curium
étain,sn,tin
étain (l'),firapotsy,tin (the)
fer-blanc,vifotsy,tinplate
fer,fe,iron
fer (le),vy,iron
fermium,fm,fermium
ferraille (la),vy,iron
fluor,f,fluorine
gaz carbonique,eton' arina,carbon dioxide
gaz,gaza,gas
gaz rare,etona hamatra,gas (rare)
graphite,"anjamanga,manjarano",graphite
hydrargyre,darajy,hydrargyrum
hydrogène,h,hydrogen
hydrogene,hidirôzenina,hydrogen
iode,"iôdy,i",iodine
laiton (du),sabamavo,brass
lanthane,la,lanthanum
lutecium,lu,lutetium
maillechort,nickel silver,maillechort
manganèse,"manganezy,mn",manganese
manganin,manganìna,manganin
melchior,nickel silver,melchior
mercure,"hg,volavelona","mercury,quicksilver"
métal en général (le),vy,iron
métal,metaly,metal
molybdène,mo,molybdenum
néodyme,nd,neodymium
nickel,"nikela,ni",nickel
nobélium,no,nobelium
octane,valoana,octane
or,volamena,gold
oxygène,o,oxygen
pétrole,solitany,"kerosene,oil,paraffin"
phosphore,"fôsfôrô,p",phosphorus
phosphorique (acide),aforano,"phosphoric acid,sulphuric acid"
pile,pila,battery
platine,"platinina,pt,volamahery",platinum
plomb (le),firamainty,lead (the)
plomb,"firaka,firake,pb,tokonengy","lead,pewter"
praséodyme,pr,praseodymium
prométheum,pm,promethium
radium,ra,radium
silicium,"silisiôma,si",silicon
soude,karibonetra,"bicarbonate,soda"
soufre,"solifara,s",sulfur
suie,arina,"charcoal,soot"
sulfurique (acide),aforano,"phosphoric acid,sulphuric acid"
table de mendeleiev (la),fisokajiana mendeleev,mendeleev table (the)
table périodique des éléments (la),fisokajiana miherina,periodic table of the elements (the)
tantale,"tantaly,ta",tantalum
tellure,te,tellurium
titane,"titana,ti",titanium
tungstène,w,tungsten
uranium,u,uranium
vert-de-gris,varahimaitso,verdigris
zinc (du),fanitso,zinc
zinc,zn,zinc
zirconium,"zirkôniôma,zr",zirconium
coiffures,fandram-bolo,hairstyles
mis en touffes,voabango,plaited
tondre les cheveux (se faire),mihety,cut (to have one's hair)
tresse des cheveux (une),randrana,"braid (a),plait (a),tress of hair (a)"
tresser,mandrandrana,"braid (to),plait (to),twist (to)"
croyances,finoana,beliefs
âme,avelo,"ghost,soul,spirit"
âme,ambiroa,"ghost,soul"
amulette,"hazary,ody","charm (a),charm,enchantment (an),fetish,medicine"
amulette (une),famato,charm (a)
ancêtre (un),andriamanitra,"ancestor (an),god (a)"
animal mythique,"fananimpitoloha,kinaoly,songomby,tokandia","hydra,mythical animal"
arrêter (action d'),fanahonana,charm (kind of a)
balance,adimizana,libra
bélier,alahamady,aries
cancer,asorotany,cancer
capricorne,adijady,capricorn
charme,ody,"charm,fetish,medicine"
charme pour se dérober à la vue (un),fanjambana,charm to blind the eyes (a)
charme (sorte de),fandresilahy,charm (kind of)
charme (un genre de),fanalavavy,charm (a kind of)
circoncision,"hasoavan-jaza,savatse,tapakanake",circumcision
cléromancie (une),"sikidy,sikily",divination (a)
contrepoison (un),famono mosavy,disenchantment (a)
coquille,fimpy,shell
créateur,mpahary,creator
deviner (action de),faminaniana,prophecy (a)
dieu,nanahary,god
dieu,zanahary,"god (a),god"
dieu (un),"andriamanitra,zanahary","ancestor (an),god (a),god"
divination (une),"sikidy,sikily",divination (a)
dragon,dragona,dragon
empêche (charme qui),fanahonana,charm (kind of a)
endommagement (un),famosaviana,"spell (act of casting a),witchcraft (a)"
ensorceler (action d'),famosaviana,"spell (act of casting a),witchcraft (a)"
ensorceler,mamosavy,"bewitch,practice withcraft (to practice),spell (to cast a)"
fantôme,matoatoa,ghost
fantôme,ambiroa,"ghost,soul"
fantôme (un),"angatra,lolo","demon (a),ghost (a),phantom (a),spirit (a)"
fétiche,ody,"charm,fetish,medicine"
firmament,lanitra,"heaven,sky"
gémeaux,adizaoza,gemini
huit os (les),taolambalo,eight bones (the)
hydre,fananimpitoloha,"hydra,mythical animal"
maléfice (jeter un),mamosavy,"bewitch,practice withcraft (to practice),spell (to cast a)"
maléfice (un),famosaviana,"spell (act of casting a),witchcraft (a)"
médicament,ody,"charm,fetish,medicine"
monstre fabuleux (un),trimobe,giant (a mythical)
obstacle (un),fanahonana,charm (kind of a)
philtre (sorte de),fandresilahy,charm (kind of)
philtre (un),famato,charm (a)
poissons,alohotsy,pisces
préjudice (un),famosaviana,"spell (act of casting a),witchcraft (a)"
préservatif,ody,"charm,fetish,medicine"
prophétie (une),faminaniana,prophecy (a)
remède,ody,"charm,fetish,medicine"
remède,"aody,hazary","charm (a),enchantment (an)"
revenant,matoatoa,ghost
revenant (un),"lolovokatra,lolo","ghost (a),phantom (a)"
sagittaire,alakaosy,sagittarius
scorpion,alakarabo,scorpio
sorcellerie,ody,"charm,fetish,medicine"
sortilège (un),famosaviana,"spell (act of casting a),witchcraft (a)"
spectre,matoatoa,ghost
spectre (un),lolo,"ghost (a),phantom (a)"
superstition (une),finoanoam-poana,superstition (a)
talisman pour éloquence,fametsivetsena,charm for public speaking
talisman (un),fanahonana,charm (kind of a)
taureau,adaoro,taurus
verseau,adalo,aquarius
vierge,asombola,virgo
document,lahatsoratra na sary,document
economie,toe-karena,economy
economie:agriculture,toe-karena:fambolena,economy:agriculture
bouse,tain' omby,manure
bouse de vache (une),taik' omby,manure (a cow)
bouture (une),masomboly,"cutting (a),seed (a),tuber (a)"
charruei (une),angadinomby,plow (a)
couper (action de),jinja,reaping (a)
croc-en-jambe (action de donner un),jinja,reaping (a)
déforestation (une),tetika,disforesting
engrais,"zezi-bazaha,zezika","fertilizer,manure"
faucher (action de),jinja,reaping (a)
fumier,"roka,zezika","fertilizer,manure"
graine (une),masomboly,"cutting (a),seed (a),tuber (a)"
ivraie,akofa,chaff
labour (un),"folatany,hosy",trampling
moissonner (action de),jinja,reaping (a)
moisson (une),jinja,reaping (a)
mûri sur pied (fruit),masaka ifotony,ripened on the tree (fruit)
nombreux,zezika,"fertilizer,manure"
pépinière,taninketsa,"rice,seedbed"
piétinage des rizières,hosy,trampling
plant (un),ketsa,seedling (a)
première récolte de riz,vary aloha,first crop of rice
récolte,"varialoha,vary afara","crop,rice"
rizière,"tanimbary,taninketsa","ricefield,rice,seedbed"
riz non-décortiqué,"akatatra,akata",rice in the husk
riz,"fotsimbary,varialoha,vary afara,vary vakiambiaty","crop,planting,rice"
semaille,vary vakiambiaty,"planting,rice"
semence (une),masomboly,"cutting (a),seed (a),tuber (a)"
semer,mamafy,"disperse (to),disseminate (to),scatter (to),sow (to)"
semis (un),"fafim-boly,ketsa",seedling (a)
sillon (un),vava asa,furrow (a)
son,akofa,chaff
tubercule (une),masomboly,"cutting (a),seed (a),tuber (a)"
economie:alimentation,toe-karena:hanina,economy:food
absinthe,laposety,absinthe
aliments (des),sakafo,"food,meal (a)"
anchois (des),tovy,anchovy (an)
banane,fintsa,banana
beurre,dibera,butter
blanc d'oeuf (un),tampotsin' atody,"egg white,white (egg)"
bonbons,darazay,sweetmeats
chocolat,sokolà,chocolate
crème,hero-dronono,cream
cuisiner (acte de),nahandro,"cooked food,cooking,food (cooked),meal (a)"
cuisse de poule (une),fen' akoho,drumstick of a chicken (a)
cuisson,"fahandroana,handro,ketrika",cooking
daube,ladobo,"meat,poultry"
déjeuner (un),sakafo,"food,meal (a)"
dîner (un),sakafo,"food,meal (a)"
dragées,darazay,sweetmeats
farines (des),koba,"dough,flour"
farine (une),koba,"dough,flour"
friture,"endy,fanendasana",fried food
fromage,foromazy,cheese
gâteau,mofomamy,cake
goûter (un),sakafo,"food,meal (a)"
gratton,karatoa,cracklings
grillade,"endy,tsatsika",fried food
grille à rôtir (une),salazana,gridiron (a)
gril (un),salazana,gridiron (a)
huile,diloilo,oil
jaune d'oeuf (un),tamenaka,yolk of egg (a)
lait,ronono,milk
maïs,tsako,"corn,maize"
manioc (purée de),ravintoto,manioc (pounded)
mets cuisinés,nahandro,"cooked food,cooking,food (cooked),meal (a)"
mets,nahandro,"cooked food,cooking,food (cooked),meal (a)"
mets (un),sakafo,"food,meal (a)"
miel (du),antely,honey
miel,"fandrama,tantele,titely",honey
miel (un),tantely,honey
nourriture,"hany,remby",food
oeuf (blanc d'),tampotsin' atody,"egg white,white (egg)"
pain,mofo,bread
pâtes (des),koba,"dough,flour"
pâte (une),koba,"dough,flour"
pêche (produit de la),hazandrano,"fish (the),seafood"
poissons (les),hazandrano,"fish (the),seafood"
poudre (sel en),vovo-tsira,salt (table)
repas (un),"nahandro,sakafo","cooked food,cooking,food (cooked),food,meal (a)"
riz (action de trier le),fantim-bary,rice (picked)
riz (manger du),homam-bary,rice (to eat)
riz,"ampango,sosoa,vary ampangoro",rice
riz trié,fantim-bary,rice (picked)
riz (variété de),"botri-vaventy,makalioka",rice (variety of)
rôti,endy,fried food
sauce,"filotra,lasosy,lotalotaky","gravy,sauce"
saucisse,saosisy,sausage
sel en poudre,vovo-tsira,salt (table)
sel,"fanasina,sira",salt
sirop,sirao,sirup
souper (un),sakafo,"food,meal (a)"
soupe,lasopy,soup
sucre (du),siramamy,sugar (the)
thé,dite,tea
torréfaction,endy,fried food
trié (riz),fantim-bary,rice (picked)
trier le riz (action de),fantim-bary,rice (picked)
viande boucanée (une),kitoza,meat (salted and dried)
viande (une),hena,meat (a)
viande,ladobo,"meat,poultry"
vin (le),divay,wine (the)
vivres (des),sakafo,"food,meal (a)"
volaille,ladobo,"meat,poultry"
economie:articles ménagers,toe-karena:ao an-trano,economy:household items
assiette,vilia,"dish,plate"
balai,famafa,"broom,brush"
bouilloire,kafitera,"coffee,pot"
bouillotte,kafitera,"coffee,pot"
cafetière,kafitera,"coffee,pot"
lit,fandriana,"bedding,bed"
nappe de table (une),lamban-databatra,table-cloth (a)`
planche à repasser,fafana fipasohana,ironing board
plat,vilia,"dish,plate"
tiroir (un),vatasarihina,drawer (a)
"economie:bâtiments, travaux publics",toe-karena:fanorenana,"economy:buildings, public works"
arceau (un),andohalambo,"arch (an),vault (a)"
arc (un),andohalambo,"arch (an),vault (a)"
avenue (une),arabe,"road (a),street (a)"
brique,biriky,brick
carreau,"tailan-gorodona,taila",tile
ciment,simenitra,cement
cintre (un),andohalambo,"arch (an),vault (a)"
dallage (un),lampy,"marble,slabs,stones"
échelle (une),tohatra,"ladder (a),staircase (a)"
escalier (un),tohatra,"ladder (a),staircase (a)"
fenêtre (une),varavarana,"door (a),window (a)"
fenêtre (une),varavarankely,window (a)
fond d'un mur (le),vodirindrina,base of a wall (the)
maçonnerie,rafi-bato,"masonry,stome work"
muraille (une),tamboho,"breastwork (a),rampart (a),wall (a)"
ogive (une),andohalambo,"arch (an),vault (a)"
parpaing,"biriky simenitra,biriky",brick
passage à niveau (un),hitsadalamby,crossing (a railroad)
passerelle,tetezana,bridge
pierre angulaire (une),fehizoro,cornerstone (a)
pignon,tapenaka,gable
plafond,valindrihana,ceiling
pont,tetezana,bridge
porte (une),varavarana,"door (a),window (a)"
rempart (une),tamboho,"breastwork (a),rampart (a),wall (a)"
route (une),arabe,"road (a),street (a)"
rue (une),arabe,"road (a),street (a)"
soubassement du mur,vodirindrina,base of a wall (the)
voûte (une),andohalambo,"arch (an),vault (a)"
economie:commerce,toe-karena:varotra,economy:trade
achat,fividianana,buying (act of)
acheter (action d'),fividianana,buying (act of)
acheter en bloc,mamongady,sell at wholesale (to)
affichage (un),filazam-barotra,advertising
chambre de commerce,antenimieran' ny varotra,chamber of commerce
commerce,fivarotana,"selling,shop"
commerce en gros,vongady,"wholesale buying,wholesale selling"
commerce (un),vanga,"purchase (a),sale (a)"
détail (au),antsinjarany,retail (at)
entasser,mamongady,sell at wholesale (to)
gros (en),"ambongadiny,vongadiny",wholesale (at)
marchandise,entam-barotra,merchandise
négoce (un),vanga,"purchase (a),sale (a)"
prix d'achat (un),vanga,"purchase (a),sale (a)"
publicité (une),filazam-barotra,advertising
reçu,rosia,receipt
trafic (un),vanga,"purchase (a),sale (a)"
vendre en gros,mamongady,sell at wholesale (to)
vendre,fivarotana,"selling,shop"
vente,"fivarotana,varotry","selling,shop"
economie:élevage,toe-karena:fiompiana,"economy:breeding, farming"
abeille (une),renintantely,"bee (a),queen bee (a)"
alimentation des animaux,"famahanana biby,sakafom-biby","feeding (animal),food (animal)"
alimentation des poissons,"famahanana trondro,sakafon-trondro",feeding (fish)
aliment pour animaux,"famahanana biby,sakafom-biby","feeding (animal),food (animal)"
boeuf grand et maigre,ankoala,ox (lean and tall)
canard,sarindokotra,duck
chapon,"akôholahy bôsy,akoho vositra",capon
couver,mikotrika,eggs (to sit on)
élevage,fiompiana,"breeding,cattle breeding,rearing"
élevage (faire de l'),miompy,"feed (to),raise animals (to)"
éleveur,mpiompy,stockman
joug,"jioga,zioga",yoke
noir,mainty,black
poule (une),"akohovavy,reniakoho",hen (a)
poussin,akohokely,chicken
reine des abeilles (une),renintantely,"bee (a),queen bee (a)"
son de riz fin,ampombo malemy,fine bran
economie:(en général),toe-karena:(amin' ny ankapobeny),economy:(in general)
acheter,mividy,buy (to)
acheteur,mpividy,buyer
client,mpividy,buyer
commerce (un),varotra,"commerce (a),selling (a),trade (a)"
compagnie,kompania,"company,corporation"
marchandise (une),varotra,"commerce (a),selling (a),trade (a)"
métier qui nourrit,antom-pivelomana,means of subsistence
moyen de subsistance,antom-pivelomana,means of subsistence
négoce (un),varotra,"commerce (a),selling (a),trade (a)"
paysan (un),tantsaha,"countryman (a),farmer (a)"
prix (un),vidy,"price (a),value (a)"
trafic (un),varotra,"commerce (a),selling (a),trade (a)"
valeur (une),vidy,"price (a),value (a)"
vente (une),varotra,"commerce (a),selling (a),trade (a)"
"economie:finances, gestion",toe-karena:ara-bola ary fitantanana,"economy:finances, management"
action,petra-bola,"bond (a),stock (a)"
action (une),petra-bola,"bond (a),stock (a)"
argent (l'),vola,money
avantage,tombon-tsoa,"advantage,privilege"
banque,banky,bank
bénéfice,tombom-barotra,profit
bon,petra-bola,"bond (a),stock (a)"
bon du trésor (un),petra-bola,"bond (a),stock (a)"
capital,"kapitaly,renivola","capital,principal"
capitalisme (le),kapitalisma,capitalism (the)
capital (un),"hana,masonkarena","borrowing (a),capital (a),cost (a),interest (an),lending (a)"
centime,santima,cent
compenser,manonitra,"compensate (to),refund (to),repay (to),restore (to)"
crédit,voaka,credit
date de retrait,daty fisintonana,withdrawal date
dollar (un),dolara,dollar (a)
économie (une),tahiry,saved up (something)
économise (ce qu'on),tahiry,saved up (something)
emprunter pour payer une dette (action d'),findra hahy,borrowing to pay a debt (act of)
épargne (une),petra-bola,"bond (a),stock (a)"
épargne (une),tahiry,saved up (something)
excédent (un),ambim-bava,surplus (a)
facture,lazam-bidy,"invoice (an),price (a)"
franc,iraimbilanja,franc
impôt (un),hetra,tax (a)
intérêt (ce qui est prêté à),hana,"borrowing (a),interest (an),lending (a)"
intérêt,tombon-tsoa,"advantage,privilege"
intérêt (un),zana-bola,interest (an)
mémoire (une),tahiry,saved up (something)
monnaie (la),vola,money
monnaie,"famerim-bola,herim-bola,torotorony",change
monopole (un),ampihimamba,monopoly (a)
payer,manonitra,"compensate (to),refund (to),repay (to),restore (to)"
piastre,"ariary,farantsa",dollar
pièce de cinq francs (une),malamakely,coin (a five franc)
placement (un),petra-bola,"bond (a),stock (a)"
privilège,tombon-tsoa,"advantage,privilege"
prix de revient (un),masonkarena,"capital (a),cost (a)"
prix,lazam-bidy,"invoice (an),price (a)"
prix (un),masonkarena,"capital (a),cost (a)"
récompenser,manonitra,"compensate (to),refund (to),repay (to),restore (to)"
récupérer,manonitra,"compensate (to),refund (to),repay (to),restore (to)"
redevance (une),hetra,tax (a)
rembourser,"mandoa hanin-kinana,manonitra","compensate (to),refund (to),repay (to),restore (to)"
remplacer,manonitra,"compensate (to),refund (to),repay (to),restore (to)"
roupie,ropia,rupee
solde (une),varo-boba,sold cheaply
stock (un),tahiry,saved up (something)
surplus (un),ambim-bava,surplus (a)
taxe (une),hetra,tax (a)
thésaurise (ce qu'on),tahiry,saved up (something)
timbre fiscal,hajian-ketra,"stamp (excise),stamp (fiscal),stamp (revenue)"
titre (un),petra-bola,"bond (a),stock (a)"
tribut (un),hetra,tax (a)
vendu à vil prix,varo-boba,sold cheaply
"economie:imprimerie, dessin","toe-karena:tonta printy, sary","economy:printing, drawing"
caractère d'imprimerie (un),lohavy,type (a)
centré,manivo,centered
fonte (une),lohavy,type (a)
gazette (une),gazety,"gazette (a),newspaper (a),periodical (a),report (a)"
journal (un),gazety,"gazette (a),newspaper (a),periodical (a),report (a)"
majuscule (une),lohasoratra,upper-case letter (an)
périodique (un),gazety,"gazette (a),newspaper (a),periodical (a),report (a)"
revue (une),gazety,"gazette (a),newspaper (a),periodical (a),report (a)"
economie:mécanique,toe-karena:haihetsika,economy:mechanics
economie:métallurgie,toe-karena:tao vy,economy:metallurgy
acier,"tsy,vy mahery",steel
economie:vêtements,toe-karena:zaitra,economy:clothing
bas,ban-kiraro,"socks,stockings"
baudrier,samboady,sash
bouton (un),bokotra,button (a)
brocart,amborodao,"border,brocade,design,sewing"
capote,kapaoty,cloak
ceinture (une),"etry,fehikibo,reritra","belt (a),girdle (a),girth (a)"
châle (un),lamba,"cloth (a),clothing (a)"
chaussette,ban-kiraro,"socks,stockings"
chemise,"akanjo lobaka,saloke",shirt
chemise de nuit,akanjo mandry,nightgown
chemise (une),"akanjo,lobaka","clothing,dress (a),shirt (a)"
civil,akanjo borizano,"civilian,dress"
col (un),vozon' akanjo,collar (a)
corsage,"akanjo bory tanana,akanjo gaika,akanjo manara-tena,sikitratra","jacket,waistcoat"
corsage (un),akanjo,"clothing,dress (a),shirt (a)"
corset,fitizy,"corset,girdle"
costume (un),akanjo,"clothing,dress (a),shirt (a)"
coton,soga,"fabric,muslin"
cotonnade,hasy,cotton
coupe,gora,bolt
cravate (une),"fehitenda,fehy vozo","cravat (a),neck-cloth (a),necktie (a)"
damas,damà,calico
damassée (étoffe),damà,calico
dé à coudre (un),fanosehana,thimble (a)
dentelle,"dantelina,dantely",lace
doublure,dabolera,lining
écharpe,samboady,sash
étoffe,"rambon-damba,sikina","cloth,weaving"
faufiler (action de),vikavika,stitch (a)
faufil (un),"tsetseky dify,vikavika",stitch (a)
fil de soie,hariry,woven cloth
flanelle,filanelina,flannel
frange,rambon-damba,weaving
gaine,fitizy,"corset,girdle"
gants (des),gan-tanana,gloves
gants,ga,gloves
guêtres,gety,gaiters
habillement (un),akanjo,"clothing,dress (a),shirt (a)"
habit,"akanjo borizano,akanjo jabỳ,akanjo zabỳ,saloke,tafy","civilian,clothing,dress"
habit long (un),akanjo lava,"cassock (a),gown (a),robe (a)"
habit (un),akanjo,"clothing,dress (a),shirt (a)"
haut-de-forme,jaomalanga,top hat
haut-de-forme (un),satro-borizano,top-hat (a)
hauts-de-forme (des),satro-borizano,top-hat (a)
jupe (une),zipo,skirt (a)
laine,volonondry,wool
lange,"lamban-jaza,salaka","diaper,loincloth,nappy"
machine à coudre,milina fanjairana,sewing machine
manteau,kapaoty,cloak
mouchoir (un),mosara,handkerchief (a)
pagne,"kitamby,lambahoany,sadika,salaka,samboritry,totohoko","cloth,diaper,loincloth,nappy,sarong"
paletot (un),palitao,"coat (a),jacket (a)"
pantalon,"akanjon-tongotra,pataloha",trousers
pantalon (un),pataloa,trousers
pardessus,"akanjobe,pardesià",overcoat
passementerie,amborodao,"border,brocade,design,sewing"
poche,paosy,pocket
point de bâti (un),vikavika,stitch (a)
pull-over (un),akanjo ba,"garment (a),sweater (a)"
queue,rambon' akanjo,"dress,train"
rabane,"jiafotsy,sadadioky","cloth,raffia"
raphia,jiafotsy,"cloth,raffia"
robe de chambre (une),akanjo lava,"cassock (a),gown (a),robe (a)"
robe,rambon' akanjo,"dress,train"
robe (une),akanjo,"clothing,dress (a),shirt (a)"
ruban (un),ribà,ribbon (a)
sandales (des),kapa,sandal
sarong,lambahoany,sarong
soie,"irotra,landy",silk
tissu fin,hariry,woven cloth
tissu,"jiafotsy,soga,voloinaty,zandiana","cloth,fabric,muslin,raffia"
tissu (un),lamba,"cloth (a),clothing (a)"
toile (une),lamba,"cloth (a),clothing (a)"
traîne,rambon' akanjo,"dress,train"
tricot,ba,"knitting,socks,stockings"
tricot (un),akanjo ba,"garment (a),sweater (a)"
uniforme (un),akanjo fanamiana,uniform (a)
veste (une),"palitao,salotra","coat (a),jacket (a),vest (a),waistcoat (a)"
vêtement (un),lamba,"cloth (a),clothing (a)"
vêtement (un),akanjo,"clothing,dress (a),shirt (a)"
vêtement,fitafiana,clothing
vêtement,tafy,clothing
ecritures saintes,soratra masina,holy scriptures
aaron,"aarona,arona",aaron
abaddôn,abadona,abaddon
abana,abana,abana
abarim,abarima,abarim
abba,aba,abba
abbiyya,abiasa,"abiah,abia,abijah,abijam"
abda,abdà,abda
abdéel,abdeely,abdeel
abdi,"abdia,abdì",abdi
abdias,"abdiasa,obadia",obadiah
abdiel,abdiela,abdiel
abdôn,abdona,abdon
abed-nego,"abdenegao,abednego",abednego
abel,abela,abel
abel-bet-maaka,abela-beta-makaa,abelbethmaachah
abel-ha-shittim,"abela-setima,abela-sitima",abelshittim
abel-mayim,abela-maima,abelmaim
abel-mehola,"abela-mehola,abelmeholà",abelmeholah
abel-miçrayim,"abela mitsraïma,abel-egyptiana",abelmizraim
abgata,"abagta,abgatà",abagtha
abia,abiasa,"abiah,abia,abijah,abijam"
abiasaph,abiasafa,abiasaph
abiathar,abiatara,abiathar
abibaal,abi-albona,abialbon
abib,abiba,abib
abida,abidà,abidah
abiel,abiela,abiel
abiézer,"abiesera,abiezrita","abiezer,abiezrites,abiezrite"
abihayil,abihaila,abihail
abihu,"abiho,abio",abihu
abilène,abilena,abilene
abimaèl,"abimaela,amimaèla",abimael
abimélek,abimeleka,abimelech
abinadab,abinadaba,abinadab
abinoam,"abinoama,abinoema",abinoam
abioud,"abihoda,abioda",abiud
abiram,"abìrama,abirona",abiram
abishag,abisaga,abishag
abishaï,"abisai,abisay",abishai
abishua,"abisoa,abisoe",abishua
abishur,abisora,abishur
abital,abitala,abital
abitub,abitoba,abitub
abiyya,"abiasa,abì,aby","abiah,abia,abijah,abijam,abi"
abiyyam,"abiama,abiasa","abiah,abia,abijah,abijam"
abner,abnera,abner
abraham,abrahama,abraham
abram,abrama,abram
abrona,"abrona,kariat-arbe","ebronah,hebron,kirjatharba"
absalom,"abesaloma,absaloma","abishalom,absalom"
açalyahu,"aslia,azalia",azaliah
açel,"asela,azela",azel
achab,"ahaba,akaba",ahab
achaïcus,akaïko,achaicus
achaïe,akaia,achaia
achaz,"ahaza,akaza",ahaz
açmôn,"asemona,azmona",azmon
actes,asa,acts
ada,ada,adah
adalya,"adabia,adalia",adalia
adam,adama,adam
adâm,"adama,adoma",adam
adar,adara,adar
adaya,"adaia,hadaia",adaiah
adayahu,hadaia,adaiah
adbéel,"abdela,adbeela",adbeel
addân,"adana,adona","addan,addon,addan"
addi,adì,addi
addôn,"adaona,adona","addon,addan,addon"
adiel,adiela,adiel
adîn,adina,adina
adlaï,"adlay,adlì",adlai
adma,"adamà,adma",admah
admata,admatà,admatha
adna,adna,adnah
adonias,"adoniasa,adonia",adonijah
adoni-bézeq,adoni-bezeka,adonibezek
adoniqam,adonikama,adonikam
adoram,"adonirama,adorama","adoniram,adoram"
adorayim,adoraima,adoraim
adrammélek,"adramelaka,adrameleka",adrammelech
adramyttium,"adramita,adramytena",adramyttium
adriatique,"adriatika,adria",adria
adriel,"adriela,hadriela",adriel
adullam,"adolama,odolama",adullam
aenon,"ainona,enòna",aenon
agabus,"agabosa,agabo",agabus
agag,agaga,agag
agagite,agagita,agagite
agar,"agara,hagara",hagar
aggée,"akeja,akjea,akzea,hagay",haggai
agrippa,agripa,agrippa
agur,agora,agur
aharhel,"aharehela,aharela",aharhel
ahasbaï,"ahasbay,asbaia",ahasbai
ahava,ahava,ahava
ahbân,ahobàna,ahban
aher,ahera,aher
ahi,"ahiasa,akiasy","ahiah,ahijah,ahi"
ahiam,ahiama,ahiam
ahiézer,"ahiesera,ahiezera",ahiezer
ahihud,"ahihoda,ahioda",ahihud
ahilud,ahiloda,ahilud
ahimaaç,"ahimaza,akimaasa,akimaasy",ahimaaz
ahimân,ahimana,ahiman
ahimélek,"ahimeleka,akimeleka",ahimelech
ahinadab,ahinadaba,ahinadab
ahinoam,"ahinoama,akinoama",ahinoam
ahiqam,ahikama,ahikam
ahiram,"ahara,ahirama,ahiramita","aharah,ahiram"
ahisamak,"ahisamaka,akisameka",ahisamach
ahishahar,"abisahera,ahisahara",ahishahar
ahishar,ahisara,ahishar
ahitophel,"ahitofela,akitofela",ahithophel
ahitub,"ahitoba,akitoba",ahitub
ahiyya,"ahiasa,ahià,akiasy","ahiah,ahijah,ahi"
ahlaï,"ahelay,oholì",ahlai
ahoah,ahoe,ahoah
ahohite,"ahohita,aholita",ahohite
ahumaï,"ahomay,akamaia",ahumai
ahuzam,"ahozama,oozama",ahuzam
ahuzzat,ahozata,ahuzzath
ahyân,ahiana,ahian
ahyo,"ahiao,ahio,akiao",ahio
ahzaï,"ahazay,ahazì",ahasai
aï,"ay,haia",ai
akar,akara,achar
akbor,"akbora,akobora",achbor
akhim,akima,achim
akish,"akisa,akisy",achish
akkad,akada,accad
aksa,aksa,achsa
akzib,akaziba,achzib
alémèt,alamata,alemeth
alémet,alameta,"alameth,alemeth"
alémèt,"alameta,alemeta","alameth,alemeth"
alexandre,"aleksandra,aleksandro",alexander
alexandrins,"aleksandriana,aleksandrina",alexandrians
alleluia,"alleloia,haleloia",alleluia
almodad,"almodada,elmodada",almodad
almôn-diblatayim,"almon-diblataima,helmon-delbataïma",almondiblathaim
alphée,"alfeo,alfe",alphaeus
alush,alosy,alush
alvân,alvana,alvan
alyân,aliana,alian
amal,amala,amal
amalécites,amalekita,amalekites
amaleq,amaleka,amalek
aman,"amanà,hamana",haman
amarya,"amariasa,amaria",amariah
amasa,amasa,amasa
amasaï,"amasaia,amasaì,amasay","amasai,amashai"
amasias,"amasiasa,amazia",amaziah
amçi,"amsì,amzy",amzi
amitaï,"amatì,amitahy",amittai
amma,"amah,ama",ammah
ammiel,amiela,ammiel
ammihud,"amihoda,amioda",ammihud
amminadab,aminadaba,amminadab
ammishaddaï,"amisadaìa,amisaday",ammishaddai
ammizabad,amizabada,ammizabad
ammon,amona,ammon
ammonite,amonita,ammonitess
amnon,amnona,amnon
amoç,amoza,amoz
amorites,"amoreana,amorita",amorites
amos,"amosa,amosy",amos
amphipolis,"amfipolia,anfipolisy",amphipolis
ampliatus,"ampliato,anfiasa",amplias
amram,amrama,amram
amramite,amramita,amramites
amraphel,amrafela,amraphel
ana,anà,anah
anam,"anamima,anamita",anamim
anammélek,anameleka,anammelech
anani,"ananì,anany",anani
ananie,ananiasy,ananias
ananya,anania,ananiah
anaq,enàka,anak
anaqim,"anakita,enakima",anakims
anat,anata,anath
anatot,anatota,anathoth
anaya,"anaia,aniasa",anaiah
andré,"andrea,andre",andrew
andronicus,"androniko,androniky",andronicus
aner,anera,aner
aniam,aniama,aniam
antioche,antiokia,antioch
antipas,antipasy,antipas
antipatris,"antipatria,antipatrisy",antipatris
antotiyya,"anatotià,antotia",antothijah
anub,anoba,anub
apheq,afeka,aphek
aphiah,afià,aphiah
apocalypse,"apokalypsy,fanambaràna",revelation
apocryphe,apokrifa,apocryphal
apollonie,apolonia,apollonia
apollos,"apolosy,apolo",apollos
apollyôn,"apoliona,apolyona",apollyon
apôtres,apostoly,"apostles,apostle"
appius,"apiosa,apio",appii
aqân,akana,akan
aqqub,akoba,akkub
aquilas,"akilasy,akoila",aquila
arab,araba,arab
arabie,arabia,arabia
arah,"aera,ara",arah
aram,arama,aram
ararat,ararata,ararat
arauna,"araona,areonà",araunah
arça,"arsà,arza",arza
archélaüs,arkelaosy,archelaus
archippe,arkipo,archippus
ard,"arda,hereda",ard
ardite,"ardita,heredita",ardites
aréli,"arelì,arely",areli
arélite,"arelita,arielita",arelites
aréopagite,"areopagita,areopaza",areopagite
arétas,areta,aretas
argob,argoba,argob
aridaï,"aridaì,ariday",aridai
aridata,aridata,aridatha
ariel,ariela,ariel
arimathie,arimatia,arimathaea
arisaï,"arisaì,arisay",arisai
aristarque,"aristarka,aristarko",aristarchus
aristobule,"aristobola,aristobolo",aristobulus
arkite,"arakita,arkita",archite
armoni,"armonì,armony",armoni
arnon,arnona,arnon
arod,aroda,arod
arodite,arodita,arodites
aroèr,aroera,aroer
arpad,"arfada,arpada",arpad
arpakshad,"arfaksada,arpaksada",arphaxad
arphaxad,arfaksada,arphaxad
artaxerxès,"artakserksesa,artaksersesy",artaxerxes
artémas,"aretmasy,artema",artemas
artémis,dianan,diana
arubbot,arobota,aruboth
arvad,arvada,arvad
arvadite,"aradiana,arvadita",arvadite
aryok,"ariaoka,arioka",arioch
asahel,"asaela,asahela,azahela",asahel
asaph,asafa,asaph
asarééla,"asarela,asarelì",asarelah
asarhaddon,"asaradona,esara-hadona",esarhaddon
asaya,asaiasa,asahiah
ashân,asàna,ashan
ashbel,"asbela,asibela",ashbel
ashbélite,"asbelita,asibelita",ashbelites
ashdod,"asdoda,azota",ashdod
ashehur,ashora,"ashur,hazor"
asher,asera,asher
ashérites,asorita,ashurites
ashkenaz,"askenaza,askeneza",ashchenaz
ashpenaz,"asfeneza,aspenaza",ashpenaz
ashqelôn,"askalona,askelona",ashkelon
ashshurites,asorima,asshurim
ashtarot,astarota,ashtaroth
ashvat,"asota,asvata",ashvath
asie,asia,asia
asiel,asiela,asiel
asna,"asna,azenà",asnah
asnat,"asenata,aseneta",asenath
aspata,"aspata,esfatà",aspatha
asriel,"asriela,esriela",ashriel
asriélite,asrielita,asrielites
assir,asira,assir
assuérus,"ahasoerosy,asoerosa",ahasuerus
assur,asyra,asshur
assurbanipal,"asnafara,asnapara",asnapper
assyrie,"asiria,asyria",assyria
assyriens,"asiriana,asyriana",assyrians
astarté,"astarta,astarte",ashtoreth
asyncrite,"asinkrito,asynkrito",asyncritus
atarot,atarota,ataroth
ataya,"ataiasa,ataia",athaiah
ater,atera,ater
athalie,atalia,athaliah
athéniens,ateniana,athenians
atlaï,"atalaì,atlay",athlai
atrot-shophân,"atarota-sofàna,atrota-sofana",atroth-shophan
attaï,etaia,attai
auârân,abarona,eleazar
augusta,"aogosta,aogosto",augustus
avva,avah,ava
avvit,avita,avith
ayîn,aena,ain
ayyalôn,aialona,aijalon
ayyat,"aiata,ajata",aiath
azaréel,"azareela,azarela",azareel
azarya,"azariasa,azaria",azariah
azaz,azaza,azaz
azazyahu,"azazia,ozaziò",azaziah
azbuq,"azbaoka,azboka",azbuk
azéqa,azeka,azekah
azgad,"azagada,azgada",azgad
aziza,azizà,aziza
azmavèt,"asmota,azmaveta,azmota",azmaveth
azriel,"azriela,ezriely",azriel
azriqam,"azrikama,ezrikama",azrikam
azuba,azoba,azubah
azzân,azana,azzan
baala,bala,baal
baalat,"baalata,baleta",baalath
baal,baala,baal
baal-berit,"baala-berita,bala-berita",baalberith
baal-çephôn,"balazefona,beelsefona",baalzephon
baal-haçor,"baal-hasora,bala-hazora",baalhazor
baal-hamôn,bala-hamona,baalhamon
baal-hanân,"bala-hanana,balanàna",baalhanan
baal-hermôn,"baal-hermona,bala-hermona",baalhermon
baalis,"baalisa,balisa",baalis
baal-meôn,"baalmeona,bala-meona",baalmeon
baal-péor,"bala-peora,beelfegora",baalpeor
baal-peraçim,"baala-farasima,bala-perazima",baalperazim
baal-tamar,"baala-tamara,bala-tamara",baaltamar
baal-zebub,"bala-zeboba,beela-zeboba",baalzebub
baana,"baana,bana",baanah
babel,babela,babel
babylone,"babilona,babylona",babylon
baçlut,"bazlota,beslota",bazluth
bahurim,bahorima,bahurim
bakrite,"bekerita,bekrita",bachrites
balaam,"balaama,balama,bileama",balaam
baladan,baladana,baladan
balaq,balaka,balak
baléite,"belaita,belita",belaites
baltassar,beltesazara,belteshazzar
balthazar,"baltasara,belsazara",belshazzar
bamot,bamota,bamoth
baqbaqar,bakbakara,bakbakkar
baqbuq,bakboka,bakbuk
barabbas,barabasy,barabbas
barachie,barakia,barachias
barakéel,"barakela,barakely",barachel
baraq,baraka,barak
bar-jésus,"barjesosy,barjeso",barjesus
barnabé,"barnabasy,barnabe",barnabas
barqos,"barkosa,berkosa",barkos
barsabbas,barsabasy,barsabas
barthélemy,"bartelemy,bartolomeo",bartholomew
bartimée,"bartimeo,bartime",bartimaeus
baruch,baroka,baruch
barzillaï,"barzilay,berzelaia,berzelaì",barzillai
basha,"baasà,basa",baasha
basmat,basemata,bashemath
bat-shua,"batsoa,betsoe",bathshua
bébaï,"bebaì,bebay",bebai
béçaï,"besaì,bezay",bezai
beçaléel,"beseleela,bezalila",bezaleel
béçèr,"bazera,bosora",bezer
bedad,"badada,bedada",bedad
bédya,"badiasa,bedeia",bedeiah
béelzéboul,belzeboba,beelzebub
beer-élim,"beera-elima,ber-elima",beerelim
beéri,"beerì,bery",beeri
béérot,berota,beeroth
béker,"bakera,bekora",becher
béla,bela,bela
béliar,beliala,belial
ben-ammi,benamy,benammi
benayahu,"banaia,benaia",benaiah
bené-yaaqân,"bene-jaakàna,bene-jakana",benejaakan
ben-hadad,"ben-hadada,beni-hadada",benhadad
ben-hanân,ben-hanana,benhanan
ben-hayil,"bena-haila,benaila",benhail
ben-hinnom,"ben-hinoma,enoma,himona,hinema,hinnoma,hinoma",hinnom
benjamin,benjamina,benjamin
benjaminite,benjamita,benjamite
ben-oni,"benonì,benony",benoni
ben-zohet,ben-zoheta,benzoheth
béor,beora,beor
beraka,"barakà,beraka",berachah
beraya,"baraia,beraia",beraiah
béred,bareda,bered
bérée,berea,"berea,beriah"
bérékya,"barakiasa,berekia",berechiah
bérékyahu,barakiasa,berechiah
bérénice,"berenika,berenisy",bernice
béria,"berea,beria","berea,beriah"
bersabée,"beri-sheba,bersabea",beersheba
besodya,"besodiasa,besodia",besodeiah
besor,besora,besor
bet-akzib,"akaziba,akziba",achzib
bet-anat,"bet-anata,beti-anata",bethanath
bet-arbel,"beta-arbela,bet-arbela",betharbel
bet-ashbéa,"asbea,askebea",ashbea
bet-aven,betavena,bethaven
bet-azmavèt,"beta-azmota,bet-azmaveta",bethazmaveth
bet-biréï,"beta-beraì,beti-biry",bethbirei
bet-çur,"beti-zora,betsora",bethzur
bet-diblatayim,"beti-diblataima,nabao",bethdiblathaim
bet-éden,"beta-edena,bet-edena",eden
bet-gader,"betagadera,beti-gadera",bethgader
bet-gamul,"beta-gamola,beti-gamola",bethgamul
bet-ha-éçel,"beta-hatsely,beti-haezela",bethezel
bet-ha-gilgal,"bet-galgala,beti-gilgala",gilgal
bet-ha-kérem,"betakarema,beti-hakerema",bethhaccerem
béthanie,betania,bethany
bet-harân,"betaràna,beti-harana",bethharan
bet-ha-shitta,"beti-seta,beti-sita",bethshittah
bet-ha-yeshimot,betsimota,bethjesimoth
béthel,betela,bethel
bethesda,betesdà,bethesda
bethléem,"betleema,betlehema",bethlehem
bethléemite,betlehemita,bethlehemite
bet-horôn,"beti-horona,betorona",bethhoron
bethphagé,"betifaga,betifage",bethphage
bethsabée,"batseba,betsabea",bathsheba
bethsaïde,betsaida,bethsaida
bet-kar,beti-kara,bethcar
bet-maaka,"beta-maakà,beti-maka",bethmaachah
bet-markabot,"beta-markabota,beti-markabota",bethmarcaboth
bet-meôn,"beta-maona,beti-meona",bethmeon
bet-nimra,"beti-nimra,betnemrà",bethnimrah
bet-pélèt,"bet-faleta,beti-paleta,falty","bethphelet,paltite"
bet-péor,"bet-fogora,beti-peora",bethpeor
bet-rehob,"beti-rehoba,beti-rohoba",bethrehob
bet-sheân,"beti-sana,betsàna",bethshean
bet-shémesh,"beti-samesy,beti-semesy",bethshemesh
bet-togarma,"togarma,togormà",togarmah
bétuel,"batoela,betoela",bethuel
bézeq,bezeka,bezek
bidqar,"badakera,bidkara",bidkar
bigta,"bagatà,bigta",bigtha
bigtân,"bagatàna,bigtana",bigthana
bigvaï,"begoaì,bigvay",bigvai
bikri,"bikry,bokrì",bichri
bildad,"baldada,bildada",bildad
bileam,bileama,balaam
bilga,"belgà,bilga",bilgah
bilha,balì,bilhah
bilhân,"balàna,bilana",bilhan
bilshân,"belsana,bilsana",bilshan
bimhal,"bamaala,bimala",bimhal
binéa,"banaà,binea",binea
binnuï,"benaì,benoì,binoy",binnui
biqeat-aven,bikata,aven
birsha,"bersà,birsa",birsha
bithynie,"bitinia,bitynia",bithynia
bitya,"betià,bitia",bithiah
bizzeta,"bazatà,bizta",biztha
blastus,"blasta,blasto",blastus
boanergès,"boaneriesy,boaneryjesy",boanerges
boçèç,"bosesa,bozeza",bozez
boçqat,"besekata,bozkata",boscath
boçra,"bosrà,bozra",bozrah
bokim,bokima,bochim
bonne nouvelle,vaovao mahafaly,"good news,gospel"
booz,"boaza,booza",boaz
bunni,"banì,bany,bonì",bani
buqqi,boksi,bukki
buqqiyyahu,"bokia,boksiao",bukkiah
buz,boza,buz
buzi,"bozi,bozy",buzi
buzite,bozita,buzite
cadès-barné,"kadesa-barne,kadesibarnea,kadesy-barne",kadeshbarnea
cadès,kadesy,kadesh
caïn,kaina,cain
caïphe,"kaiafa,kaifa",caiaphas
caleb,"kaleba-efrata,kaleba","calebephratah,caleb"
çalmona,zalmona,zalmonah
canaan,kanana,canaan
cana,"kanàn,kana",cana
cananéens,"kananeana,kananita",canaanites
candace,kandasy,candace
cantiques,tononkira,song of songs
capharnaüm,"kafarnaoma,kapernaomy",capernaum
cappadoce,"kapadokia,kapadosa",cappadocia
carmel,karmela,carmel
carpos,"karposa,karpo",carpus
cauda,kaodà,clauda
ceboyim,"seboima,zeboima",zeboim
cédron,"kidrona,sedrona",cedron
cenchrées,"kenkrea,senkrea",cenchrea
céphas,"kefasy,sefasy",cephas
çéret,"sereta,zareta",zereth
césar,"kaisara,sezara",caesar
césarée,"kaisaria,sezarea",caesarea
chaldée,kaldea,chaldea
chaldéens,kaldeana,chaldeans
cham,"hama,kama,khama",ham
chamites,khama,ham
champ des guetteurs,tily,zophim
chérubin,kerobima,cherubim
chio,"kiao,kio",chios
chloé,"kloa,kloe",chloe
chorazeïn,"korazina,korozaina",chorazin
chouza,kozà,chuza
christ,kristy,christ
chypre,"kyprosy,sipra",cyprus
cilicie,"kilikia,silisia",cilicia
çior,"siora,ziora",zior
ciqlag,"sikelega,ziklaga",ziklag
claude,"klaodio,klaody",claudius
claudia,klaodià,claudia
clément,klementa,clement
cléophas,"kleofasy,kleopasy",cleopas
cnide,"kinido,knida",cnidus
coar,"segora,zoara",zoar
cophar,"sofara,zofara",zophar
çoréatites,"sareana,zoraita",zorathites
coré,kora,korah
coréite,koralta,korathites
coréites,korita,korhites
corinthe,"korinta,korinto",corinth
corinthiens,korintiana,corinthians
corneille,"kornelio,kornely",cornelius
cos,kosy,coos
créateur,andriamanitra,god
crescens,"kresensy,kreska",crescens
crète,kreta,crete
crispus,"krisposa,krispo",crispus
çuriel,"soriela,zoriela",zuriel
cyrène,"kyreniana,sireneana",cyrene
cyrus,"kyrosy,sirosa,sirosy",cyrus
daberat,"daberata,dabereta",daberath
dagôn,dagona,dagon
dalila,"dalilà,delila",delilah
dalmanoutha,dalmanota,dalmanutha
dalmatie,dalmatia,dalmatia
dalphôn,"dalfona,delfòna",dalphon
damaris,"damarisy,damary",damaris
damas,"damasa,damaskosy,damasy",damascus
dananéens,"dodanima,dodanita",dodanim
dan,dana,dan
daniel,"daniela,daniely",daniel
darius,"dariosa,dariosy",darius
darqôn,"darkona,derkona",darkon
datân,datana,dathan
david,davida,david
debir,"dabira,debira",debir
débora,debora,deborah
décapole,"dekapaoly,dekapolisy",decapolis
dedân,"dadàna,dedana",dedan
delaya,"dalaiasa,delaia",delaiah
démas,demasy,demas
démétrius,"demetriosa,demetrio",demetrius
denys,"denis,dionysio",dionysius
derbé,derbe,derbe
deutérocanonique,deoterokanonika,deuterocanonical
deutéronome,fifanekena,deoteronomy
diblayim,"debelaïma,diblaima",diblaim
dibôn,dibona,dibon
dibôn-gad,"dibon-daga,dibon-gada",dibongad
dibri,"dabrì,dibry",dibri
didyme,"didimo,didymo",didymus
dieu,"andriamanitra,jehovah","god,jehovah,lord"
dimôn,dimona,dimon
dinhaba,"denaba,dinaba",dinhabah
diotréphès,"diotrefa,diotrefesa",diotrephes
diqla,"deklà,dikla",diklah
dishân,disana,dishan
dishôn,disona,dishon
di-zahab,dizahaba,dizahab
dodo,dodao,dodo
dophka,"dafkà,dopka",dophkah
dotân,dotana,dothan
douars de yaïr,"havota-jaira,zanabohitr' i jaïra",havothjair
drusille,drosila,drusilla
duma,domà,dumah
ébal,hebala,ebal
ebed-mélek,"abdemeleka,ebeda-meleka",ebedmelech
ecbatane,"akmeta,ekbatana",achmetha
eçbôn,"esbòna,ezbona",ezbon
ecclesiate,mpitoriteny,ecclesiates
éçyôn-gébèr,"asiongabera,ezion-gebera",eziongaber
éden,edena,eden
edom,"edoma,efoma",edom
édom,efoma,edom
edomites,edomita,edomites
egypte,"egypta,ejipta",egypt
égyptiens,"egyptiana,ejipsiana",egyptians
ehud,"abihoda,abioda",abiud
ela,"elaha,elà",elah
elam,elama,elam
elamites,elamita,elamites
elat,"elata,elota",elath
el-berit,berita,berith
elçaphân,"elisafana,elzafana",elzaphan
eldaa,"eldaha,eldao",eldaah
eldad,eldada,eldad
eléad,eladà,elead
eléalé,"elale,eleale",elealeh
eléasa,elasà,elasah
eléazar,"abarona,eleazara",eleazar
elhanân,"elanana,elkanàna",elhanan
elie,elia,elijah
éli,helì,eli
eliézer,eliezera,eliezer
elihu,"eliao,eliho,elio",elihu
eliphaz,elifaza,eliphaz
eliphélèt,elifeleta,eliphelet
elisée,elisea,elisha
elisha,"elisaha,elisà",elishah
elishama,elisama,elishama
ellasar,elasara,ellasar
elmadam,"elimadama,elmadama",elmodam
elnaam,"elnaema,elnama",elnaam
elnatân,elnatana,elnathan
elpaal,"elfaala,elpala",elpaal
el-parân,"el-faràna,elparana",elparan
elqana,elkana,elkanah
elqosh,"elkosita,elkosy",elkoshite
elul,elola,elul
elyaqim,"eliakima,eliasima",eliakim
elyashib,eliasiba,eliashib
elyoénaï,"elioenaì,elioenay,elionaia",elioenai
élyoénaï,elionaia,elioenai
elzabad,elzabada,elzabad
emmanuel,"emanoela,imanoela",emmanuel
emmaüs,emaosy,emmaus
en-dor,"andora,endora",endor
en-églayim,"en-eglaima,engallima",eneglaim
en-gaddi,"engaddi,en-jedy",engedi
en-ha-qoré,en-hakore,enhakkore
en-rimmôn,"en-remona,en-rimona",enrimmon
ephaï,"efay,efoì",ephai
ephèse,"efesosy,efezy",ephesus
ephphatha,"efata,efeta",ephphatha
éphraïm,"afaima,apaima",appaim
ephraïm,efraima,ephraim
ephrata,efrata,ephratah
eqrôn,"akarona,ekrona",ekron
éqronites,"akaronita,ekronita",ekronites
er,hera,er
esaü,esao,esau
esdras,"esdrasa,esrà,ezra",ezra
eshbân,"esbana,esebana",eshban
eshkol,eskola,eshcol
eshtaol,estaola,eshtaol
eshtôn,estona,eshton
espagne,"hispania,spania",spain
esthemoa,"estamao,estemoa",eshtemoa
esther,estera,esther
étam,etama,etham
ethiopie,etiopia,ethiopia
ethiopien,etiopiana,ethiopian
etnân,etnàna,ethnan
eubule,eobolo,eubulus
euphrate,eofrata,euphrates
euraquilon,"eorakylona,eoroakilòna",euroclydon
eutyque,"eotika,eotyka",eutychus
évangile,evanjely,gospel
évangile,vaovao mahafaly,"good news,gospel"
évangile (l'),filazantsara,"gospels (the),testament (the new)"
ève,eva,eve
evil-mérodak,"evila-merodaka,evil-merodaka",evilmerodach
exode,fanafahana,exodus
ezéchias,"ezekiasa,hezekia",hezekiah
ezéchiel,ezekiela,ezekiel
ézer,ezera,ezer
ezra,"esrà,ezra","ezrah,ezra"
ezri,"ezrì,ezry",ezri
félix,"feliksa,félix",felix
festus,"festosa,festosy",festus
fortunatus,fortonato,fortunatus
gaal,gaala,gaal
gaash,gaasa,gaash
gabaôn,"gabaona,gibeona",gibeon
gabaonites,"gabaonita,gibeonita",gibeonites
gabbatha,gabata,gabbatha
gabriel,"gabriela,gabriely",gabriel
gadaréniens,"gadarena,geraseny",gergesenes
gaddiel,gadiela,gaddiel
gad,gada,gad
gadi,"gadì,gady",gadi
gadites,gadita,gadites
gaham,gahama,gaham
gahar,"gahara,gahera",gahar
gaïus,"gaïosa,gaio",gaius
galaad,gileada,gilead
galaadite,"galaadita,gileadita",gileadite
galal,galala,galal
galates,"galata,galatiana",galatians
galatie,galatia,galatia
galéed,"galaada,galeda",galeed
galilée,"galileas,galilea,galilia",galilee
galiléens,"galileana,galiliana",galilaeans
gallion,"galiona,galio",gallio
gamliel,gamaliela,gamaliel
gamul,gamola,gamul
gareb,gareba,gareb
garizim,"garizima,gerizima",gerizim
garmite,"garmiana,garmita",garmite
gatam,"gatama,gathama",gatam
gat,"gata,geta",gath
gat-hépher,"gata-hefera,geta-kefera",gathhepher
gat-rimmôn,gata-rimona,gathrimmon
gaza,gaza,gaza;
gazèz,gazeza,gazez
gazzam,gazama,gazzam
géba,"gabea,geba",geba
gebal,"gebala,giblioma",gebal
géber,"gabara,gabera",geber
gébîm,"gabima,gebima",gebim
gedalyahu,godohiasa,gedaliah
gédéon,"gideona,jedeona",gideon
gedérot,"gaderota,gederota",gederoth
gedor,"gadora,gedora",gedor
géhazi,"gehazy,giezi",gehazi
gelboé,"gilboa,jelboe",gilboa
gemalli,"gemalì,gemaly",gemalli
gemaryahu,"gamariasa,gemaria",gemariah
genèse,"genesisy,jenezy",genesis
gennésaret,genesareta,gennesaret
genubat,genobata,genubath
gérar,"gerara,jerara",gerar
géraséniens,gerasena,gadarenes
gershom,"gersama,gersoma",gershom
gershôn,gersona,gershon
gershonites,gersonita,gershonites
geshân,"gesana,gosàna",gesham
géshem,gasema,geshem
geshur,gesora,geshur
geshurites,"gesoriana,gesorita",geshurites
géter,"gatera,getera",gether
gethsémani,"getsemane,getsemany",gethsemane
géuel,"geoela,goela",geuel
gézer,gazera,gezer
giah,"giaka,gia",giah
gibbar,"gebara,gibara",gibbar
gibbetôn,"gebetona,gibetona",gibbethon
gibéa,"gabaàn,gibean",gibeah
giddalti,"gedeltì,gidalty",giddalti
giddel,"gedela,gidela",giddel
gidéoni,"gideony,jejeona",gideoni
gihôn,gihona,gihon
gilgal,"galgalà,gilgala,gilgaly",gilgal
gilo,"gilao,gilo",giloh
gilonite,"gilaonita,gilonita",gilonite
gimzo,"gamzao,gimzo",gimzo
ginat,"ginata,gineta",ginath
ginnetôn,"gentona,ginetona",ginnethon
girgashites,"gergeseana,girgasita",girgashites
girzites,gizrita,gezrites
gishpa,"gasfà,gispa",gispa
gittayim,"getaima,gitaima",gittaim
gob,goba,gob
godolias,"gedalia,godohiasa,godoliasa",gedaliah
gog,goga,gog
golân,"gaolona,golana",golan
golgotha,golgota,golgotha
goliath,goliata,goliath
gomer,gomera,gomer
gomorrhe,gomora,gomorrah
gorèn-ha-atad,"atada,goren-atada",atad
goshèn,gosena,goshen
gozân,gozana,gozan
grèce,"gresa,grisia",greece
grecs,greka,greeks
gudgoda,"gadgada,godgoda",gudgodah
guni,gonì,guni
gunite,gonita,gunites
gur-baal,"gora-baala,gorabala",gurbaal
habaççinya,"habazinia,habsaniasa",habaziniah
habaquq,habakòka,habakkuk
habor,habora,habor
haçaçôn-tamar,"asason-tamara,hazazon-tamara",hazezontamar
haçar-addar,"hatsar-adar,hazar-adara",hazaraddar
haçar-énân,"hatzera-enona,hazar-enana",hazarenan
haçarmavet,"asarmota,hazarmaveta",hazarmaveth
haçar-shual,"hasar-soala,hasersoala,hazara-soala",hazarshual
haçar-susim,"hasar-sosima,hazora-sosima",hazarsusim
haççobéba,"sobobà,zobeba",zobebah
haçer-ha-tikôn,"hatzera-tikona,hazara",hazarhatticon
haçérot,hazerota,hazeroth
haçlelponi,"asalelfoni,hazelelpony",hazelelponi
haçor,"ashora,asora,hazora","ashur,hazor"
hadadézer,"hadadezera,hadarezera","hadadezer,hadarezer"
hadad,"adada,adadremona,hadada,hadadrimona,hadara","hadadrimmon,hadad,hadar"
hadad rimmôn,"adadremona,hadadrimona,hadara","hadadrimmon,hadad,hadar"
hadassa,"edisa,hadasa",hadassah
hadid,hadida,hadid
hadlaï,"adalì,hadlay",hadlai
hadoram,hadorama,hadoram
hadrak,"hadraka,hadraky",hadrach
hagaba,"hagabaha,hagaba","hagabah,hagaba,hagab"
hagab,hagabaha,"hagabah,hagaba,hagab"
haggi,"agy,hagy",haggi
haggite,agita,haggites
haggit,hagita,haggith
hagri,"agaraì,hagry",haggeri
hagrites,"agareana,agareniana,hagarita","hagarites,hagerite"
hakeldama,"akeldama,haseldamà",aceldama
hakila,hakilà,hachilah
hakmoni,"hakamonì,hakmony",hachmonite
hakmonite,"hakamoni,takemonita",tachmonite
hallohesh,"alohesa,halohesy",halohesh
hamat,hamata,hamath
hamatite,"amateana,hamateana,harnatita",hamathite
hamdata,"amadata,hamedota",hammedatha
hamital,"amitala,hamotala",hamutal
hammolékèt,hamoleketa,hammoleketh
hamona,hamona,hamonah
hamor,hemora,hamor
hamul,hamola,hamul
hamulite,hamolita,hamulites
hanaméel,"hanamela,hananeela",hanameel
hanani,hananì,hanani
hananya,"hananiasa,hanania",hananiah
hanès,hanesa,hanes
hanniel,haniela,haniel
happiçèç,"afresa,hafizeza",aphses
haqqatân,"eksetana,hakatana",hakkatan
haqqoç,"hakoza,kaosa","coz,hakkoz,koz"
haqupha,"hakafa,hakofà",hakupha
harada,"aradà,harada",haradah
harân,"aràna,harana",haran
hararite,hararita,hararite
harbona,harbona,harbonah
harèph,"harefa,harifa",hareph
harhas,"araasa,harasa",harhas
har-hérès,har-haresy,heres
harim,"haràma,harima,herema",harim
harmagedôn,"armagedòna,hara-magedona",armageddon
harnépher,"harnafera,harnefera",harnepher
harod,"haroda,harodita",harodite
haroshèt-ha-goyim,"haroseta-goïma,haroseta",harosheth
harsha,harsà,harsha
haruç,"harosa,haroza",haruz
harumaph,haromafa,harumaph
harum,"aroma,haroma",harum
ha-séïra,seirata,seirath
hashabnéya,"hasabnia,hasebniasa",hashabniah
hashabyahu,"hasabiasa,hasabia",hashabiah
hashbaddana,hasbadana,hashbadana
hashmona,"hasmona,hesmonà",hashmonah
hashshemaa,samaà,"shemaah,shem"
hashshub,hasoba,hashub
hashum,hasoma,hashum
hasra,hasra,hasrah
hasupha,hasofà,hashupha
hataq,"atàka,hatàka",hatach
hatipha,hatifa,hatipha
hatita,hatita,hatita
hattil,hatila,hattil
hattush,"hatosa,hatosy",hattush
haurân,haorana,hauran
havila,"havila,hevilà",havilah
hazaèl,hazaela,hazael
haziel,"haziela,hoziela",haziel
héber,hebera,heber
hébreux,"hebreo,hebrio",hebrews
hébrite,"heberita,hebrita",heberites
hébron,"abrona,hebrona,kariat-arbe","ebronah,hebron,kirjatharba"
hébronites,hebronita,hebronites
hèçraï,"hesraia,hezray",hezrai
heçro,"hesrao,hezro",hezro
heçrôn,hezrona,hezron
hèçronite,"hesrona,hezronita",hezronites
hégé,"egea,hegay",hegai
hélam,helama,helam
helbah,helbà,helbah
helbôn,helbona,helbon
heldaï,"helday,holdaì",heldai
héléa,"halaà,hela",helah
héleç,"helesa,heleza",helez
héled,heleda,heled
hélem,helema,helem
héleq,heleka,helek
hellénistes,helenista,grecians
hélôn,helona,helon
helqaï,"helkay,helkì",helkai
helqite,"helekita,helikita",helekites
hemdân,"hamdàna,hemdana",hemdan
hénadad,henadada,henadad
hénok,"hanoka,henoka",hanoch
hénokite,"hanokita,henokita",hanochites
hépher,hafera,hepher
héphrite,"heferita,hefrita",hepherites
héresh,"haresy,heresa",heresh
hérèt,hareta,hareth
hermas,"hermasy,herma",hermes
hermès,hermesy,hermas
hermogène,hermogena,hermogenes
hermon,hermona,hermon
hérode,heroda,herod
hérodiade,"herodiada,herodiasy",herodias
hérodiens,herodiana,herodians
hérodion,herodiona,herodion
heshbôn,"hesbona,hesebona",heshbon
hètlôn,"hethalona,hetlona",hethlon
hézir,hezira,hezir
hèzyôn,heziona,hezion
hiddaï,"hedaia,hiday",hiddai
hiel,hielà,hiel
hiérapolis,"hierapolia,hierapolisy",hierapolis
hillel,"elela,ilela",hillel
hilqiyyahu,"helkiasa,hilkia",hilkiah
hinnom,"enoma,himona,hinema,hinnoma",hinnom
hira,hira,hirah
hiram,hirama,hiram
hittites,"heteana,hetita",hittites
hivvites,"heveana,hivita",hivites
hizqi,"hezesì,hizky",hezeki
hobab,hobaba,hobab
hobayya,"habaia,hobià",habaiah
hodavya,"hodavia,odoià",hodaviah
hodiyya,"hodia,odaiasa,odaià","hodiah,hodijah"
hogla,"heglà,hogla",hoglah
homam,homama,homam
hophni,"hofinia,ofnì",hophni
horeb,horeba,horeb
hor-gidgad,"hora-hagidgada,hor-gadgada",horhagidgad
hori,"hori,hory",hori
horites,"horeana,horita",horites
horma,"hormà,hormì",hormah
horonayim,horonaima,horonaim
horonite,horonita,horonite
hosanna,hosana,hosanna
hoshaya,"hosaia,osaiasa",hoshaiah
hotam,hotama,hotham
hotir,"hotira,otira",hothir
hulda,holda,huldah
hupham,hofama,hupham
huphamite,hofamita,huphamites
huppa,"hopa,hopfà",huppah
huppim,"hafamà,hapfima,hopima",huppim
huraï,"horaì,horay",hurai
huram,horama,huram
hur,hora,hur
husha,hosa,hushah
hushaï,"hosay,hosì",hushai
husham,hosama,husham
hushim,hosima,hushim
hyménée,"himeneo,hymeneo",hymenaeus
ibçân,"abesàna,ibzana",ibzan
iconium,ikonioma,iconium
iddo,"adao,ido",iddo
iézrite,jezerita,jeezerites
ikabod,ikaboda,ichabod
immer,"emera,imera",immer
iqqèsh,"aksesa,ikesy",ikkesh
irad,irada,irad
ira,hirà,ira
isaac,"isaaka,isaka",isaac
isaïe,"isaia,izaia",isaiah
iscariote,iskariota,iscariot
ishbaal,isboseta,ishbosheth
ishehod,"isehoda,iskoda",ishod
ishyo,jesoì,ishui
ismaèl,"isimaela,ismaely",ishmael
ismaélites,"isimaelita,ismaelita",ishmeelites
israël,"isarely,isiraely,israely",israel
israélites,"isiraelita,israelita",israelites
issachar,isakara,issachar
itaï,"etaì,itahy",ithai
italique,italiana,italian
itamar,itamara,ithamar
itiel,"eteela,itiela",ithiel
ittobaal,"etbaala,etibala",ethbaal
ivva,"avà,iva",ivah
iyyé-ha-abarim,"ie-abarima,ije-abarima",ijeabarim
iyyôn,"ahiona,ajona,iona",ijon
jacob,jakoba,jacob
jacques (épitre de saint),jakoba,james (letter of)
jacques,jakoba,james
jaïre,"jaïra,jairo",jairus
jannès,"jana,janesy",jannes
japhet,jafeta,japheth
jason,jasòna,jason
jean,"jaona,joany",john
jeanne,"joana,johana",joanna
jébuséens,"jeboseana,jebosita",jebusites
jébus,"jebosa,jebosy",jebus
jéchonias,"jekoniasa,jekonia",jechonias
jéhu,jeho,jehu
jenezy,fiandohana,genesisy
jephté,"jefta,jefte",jephthah
jérémie,jeremia,jeremiah
jéricho,"jerikao,jeriko",jericho
jéroboam,jeroboama,jeroboam
jérusalem,jerosalema,jerusalem
jessé,jese,jesse
jésus,"jesosy,jeso",jesus
jéthro,"jetrao,jetro",jethro
jézabel,"jezabela,jezebela",jezebel
joab,joaba,joab
joachaz,"joahaza,joakaza",jehoahaz
joas,"joasa,joasy",joash
job,joba,job
joiakîn,"joasina,joiakina",jehoiachin
joiaqim,"joakima,joiakima",jehoiakim
jonas,"jonasa,jona",jonah
jonathan,"jonatana,jonatasy",jonathan
joram,"jehorama,jorama",jehoram
jorim,"joreima,jorima",jorim
josaphat,josafata,jehoshaphat
joseph,josefa,joseph
josias,"josiasa,josia",josiah
josué,"jesoa,josoe",jeshua
jourdain,"jordana,jordany",jordan
juda,joda,judah
judas,jodasy,judas
judée,"jodea,jodia",judaea
jude,joda,jude
juges,mpitsara,judges
juifs,"jiosy,jody",jews
julie,jolia,julia
julius,"joliosa,jolio",julius
junias,"joniasa,jonia",junia
justus,"jostosa,josto",justus
kabbôn,"kabona,kebona",cabbon
kabul,"kabola,kobola",cabul
kalah,"kala,kale",calah
kalné,kalne,calneh
kalno,"kalnao,kalno",calno
kaphtorim,"kaftorima,kaftorita",caphtorims
kaphtor,"kafitora,kaftora",caphtor
karkas,karkasa,carcas
karkémish,"karkemisa,karkemisy",carchemish
karmi,"karmì,karmy",carmi
karmite,karmita,carmites
kasluh,"kaslohita,kasloima",casluhim
kebar,"kebara,kobara",chebar
kedor-laomer,"kedorlaomera,kodorlahomora",chedorlaomer
kelub,keloba,chelub
kemosh,kemosy,chemosh
kenaana,"kanaana,kenana",chenaanah
kephira,"kafarà,kefira",chephirah
kerân,"karàna,kerana",cheran
kerétiens,"gatita,keretiana",cherethites
kerit,"karita,kerita",cherith
kerub,"keroba,kerofa",cherub
kezib,"akeziba,keziba",chezib
kiléab,"keleaba,kileaba",chileab
kilmad,"kelmada,kilmada",chilmad
kilyôn,"kiliona,seljòna",chilion
kimhân,"kamaama,kimama",chimham
kinnérèt,"kenereta,kinereta",chinnereth
kinnerot,"kenerota,kinerota",cinneroth
kisleu,"kasleo,kisleo",chisleu
kislôn,"kaslona,kislona",chislon
kittim,"kitima,sitima",chittim
kosam,kosama,cosam
kozbi,"kosby,kozbì",cozbi
kub,kobiana,chub
kushân-risheatayim,"kosan-risataima,kozana-rasataima",chushanrishathaim
kushi,kosy,cushi
kushite,kosita,cushi
kush,"kosa,kosy",cush
kusnan,kosana,cushan
kuta,kota,cuthah
laban,labana,laban
lada,laadà,laadah
laèl,laela,lael
laïsha,"laisa,laisy",laish
lakish,"lakisa,lakisy",lachish
lamek,lameka,lamech
lamentations,fitomaniana,lamentations
laodicée,"laodikia,laodisea",laodicea
lappidot,lapidota,lapidoth
lasaïa,lasea,lasea
lazare,"lazara,lazarosy",lazarus
léa,"lea,lià",leah
lebana,lebana,"lebanah,lebana"
lebona,lebona,lebonah
légion,"legiona,lejiona",legion
lehab,"laabima,lehabita",lehabim
lemuel,"lamoela,lemoela",lemuel
lésha,lesà,lasha
letushim,"latosima,letosima",letushim
léummim,"laomima,leomima",leummim
lévi,"levì,levy",levi
lévites,levita,levites
lévitique,"fisoronana,levitika,levitikosy",leviticus
liban,"libàna,libanona",lebanon
libna,"lebnà,libna",libnah
libni,"lebny,libny,lobnì",libni
libnite,"libnita,lobnita",libnites
libye,"libia,libya",libya
libyens,"libiana,libyana",libyans
lo-ammi,"lô-ammì,lò-amy",loammi
lo-debar,"lodabara,lo-debara",lodebar
loïs,loisa,lois
lo-ruhamah,"lò-rohama,lo-rokhama",loruhamah
lotân,"laotana,lotana",lotan
lot,lota,lot
lucius,"lisiosa,losio",lucius
luc,lioka,luke
ludiens,"lidiana,lydiana",lydians
lud,loda,lud
luhit,"lohita,loita",luhith
lycaonie,"likaonia,lykaonia",lycaonia
lycie,"lisia,lykia",lycia
lydda,"lidà,lyda",lydda
lysias,"lisiasa,lisiasy,lysia",lysias
lystres,"listra,lystra",lystra
maaç,moosa,maaz
maadya,madia,maadiah
maaka,"maakà,maka","maacah,maachah"
maakatite,"maakatiana,makatiana,makatita",maachathite
maakatites,makatiana,maachathite
maasaï,maasaì,maasiai
maaséya,"maasiasa,mahaseia",maaseiah
maath,"mahata,mata",maath
maccabée,makabeo,maccabeus
maccabées,makabeo,maccabees
macédoine,"makedonia,masedonia",macedonia
macédonien,"makedoniana,masedoniana",macedonian
madianite,"madianita,midianita",midianite
madiân,"madiana,midiana",midian
madmèn,madmena,madmen
magadan,"magadana,magedana",magdala
magdala,"madelena,magdalena",magdalene
magdiel,magdiela,magdiel
magog,magoga,magog
mahaç,"makaza,maksesa",makaz
mahalat,"mahalota,maheleta",mahalath
mahaleb,"ahalaba,alaba",ahlab
mahanayim,"mahanaima,manaima",mahanaim
mahla,"maalà,mahala",mahlah
mahlite,"malita,moholita",mahlites
mahlôn,"mahalòna,malona",mahlon
mahraï,"maharaia,maharay",maharai
maître,jehovah,"god,jehovah,lord"
maki,"makì,maky",machi
makirite,makirita,machirites
makir,makira,machir
makpéla,makpelà,machpelah
malachie,malakia,malachi
malchus,"malkosy,malko",malchus
maleléel,"mahalalila,malaleela",maleleel
malkiélite,"malkielita,melkielita",malchielites
malkiel,"malkiela,melkiela",malchiel
malki-shua,"malkisoa,melkisoà",melchishua
malkiyya,"malkia,melkiasa",malchiah
malkom,"malkama,molkoma",malcham
malluk,"maloka,melòka",malluch
malte,"malta,melita",melita
mambré,"mambre,mamre",mamre
manaèn,"manahena,menahema",manaen
manahat,manahata,manahath
manassé,manase,manasseh
manassites,manasita,manassites
manoah,manoe,manoah
maôn,maona,maon
maqhélot,makelota,makheloth
mara,marà,marah
maran,"maran-atha,maran",maranatha
marc,marka,mark
mardochée,"mardokea,mordekay",mordecai
maresha,maresa,mareshah
marôt,"marota,maroty",maroth
marsena,"marsanà,marsena",marsena
marthe,marta,martha
masréqa,masreka,masrekah
massa,"masah,masa",massah
mathousala,"matosalè,metosela",mathusala
matri,"matrita,metrì",matri
mattanya,"mataniasa,matania",mattaniah
mattatha,matatà,mattatha
mattathias,"matatiasa,matitia",mattathias
mattenaï,"matanai,matenay",mattenai
matthan,matana,matthan
matthias,"matiasy,matia",matthias
matthieu,matio,matthew
médad,medada,medad
medân,"madàna,medana",medan
médba,medeba,medeba
mèdes,"meda,mediana,media","medes,media"
megiddo,"magedao,megido",megiddo
megiddôn,"magedao,megido",megiddon
mehétabéel,"mehetabela,metabeela",mehetabeel
mehida,"mahidà,mehida",mehida
mehir,mehira,mehir
mehola,"meholatita,molati",meholathite
mehumân,"maomàna,mehomana",mehuman
mehuyaèl,"maviaela,mehojaela",mehujael
mekona,"mekona,mokona",mekonah
melchi,"melkì,melky",melchi
melchisédech,"melkisedeka,melkizedeka",melchisedec
memphis,"memfisa,memfisy",memphis
méôn,beona,beon
méphaat,"mefaata,mefata",mephaath
mérab,"meraba,meroba",merab
merari,"merarì,merary",merari
merarite,merarita,merarites
merayot,"maraiota,meraiota",meraioth
merémot,"meremota,merimota",meremoth
meriba,meriba,meribah
meribbaal,"meribaala,meribala",meribbaal
mérodak-baladan,merodaka-baladana,merodachbaladan
méroz,meroza,meroz
méshak,mesaka,meshach
mésha,mesa,mesha
méshek,"meseka,mosoka",meshech
meshézabéel,"mesezabela,mesezebela",meshezabeel
meshillémit,"mesilemita,mosolamita",meshillemith
meshillemot,"mesilemota,mosolamota",meshillemoth
meshullam,"mesolama,mosoliama",meshullam
meshullémèt,"mesalemeta,mesolemeta",meshullemeth
mésopotamie,mesopotamia,mesopotamia
messie,mesia,messias
metushaèl,"matosaela,metosaela",methusael
méûnites,"maonita,meonita",mehunims
mé-zahab,"matreda,mezaaba,me-zahaba","matred,mezahab"
mibçar,mibzara,mibzar
mibsam,"mabsama,mibsama",mibsam
michée,"mikaia,mika,mikea","micah,micaiah"
michel,misely,michael
miçpa,"masfà,mizpa",mizpah
miçrayim,mesraima,mizraim
migdol,"magdaloma,migdolasy,migdola",migdol
migrôn,"magrona,migrona",migron
mikaèl,"mikaela,misely",michael
mikal,"mikala,mikola",michal
mikmas,"makmasy,mikmasy",michmash
milet,mileto,miletus
milka,"melkà,milka",milcah
milkom,"melkoma,milkoma",milcom
millo,"melao,milo",millo
minni,"menni,miny",minni
minnit,minita,minnith
minyamîn,"miamina,miniamina",miniamin
miryam,"maria,miriama",miriam
misaèl,"misaela,misaely",mishael
mishéam,"misaama,misama",misham
mishma,"masmà,misma",mishma
mispérèt,"mesfarata,mispereta",mispereth
mitqa,"metkà,mitka",mithcah
mitylène,"mitilena,mitylena",mitylene
mizza,"mezà,miza",mizzah
mnason,"menasona,mnasòna",mnason
moabites,moabita,moabites
moab,moaba,moab
moadya,"moadiasa,moadia",moadiah
moça,"mosà,moza",moza
moïse,"moizy,mosesy",moses
molada,"molada,moladì",moladah
moloch,moloka,moloch
moré,more,moreh
moréshèt,"morastita,moreseta",morasthite
moriyya,moria,moriah
moséra,mosera,mosera
mosérot,moserota,moseroth
mushi,"mosy,mozì",mushi
mushite,mosita,mushites
myre,"mira,myra",myra
mysie,"mizia,mysia",mysia
naama,"naamà,namatita,nama,noema","naamah,naamathite"
naaman,"naamàna,namàna",naaman
naam,"nahama,nama",naam
naaraï,naray,naarai
naasson,"naasona,nahasona",naasson
nabal,nabala,nabal
nabot,nabota,naboth
nabuchodonosor,"nabokodonozora,nebokadnezara",nebuchadnezzar
nachor,"nahora,nakora",nachor
nadab,nadaba,nadab
naggaï,"nagay,nagè",nagge
nahaliel,nahaliela,nahaliel
nahalol,"naalola,nahalola",nahalol
nahash,"naasa,nahasy",nahash
nahat,nahata,nahath
nahbi,"naby,nahabì",nahbi
nahlam,nehelamita,nehelamite
nahraï,"naaraì,naharay",naharai
nahshôn,"nahasona,nasona",nahshon
naïm,"naima,naina",nain
naoum,nahoma,naum
naphtuh,"naftohita,neftoima",naphtuhim
narcisse,"narkisa,narsisy",narcissus
natân,natana,nathan
nazaréens,"nazareana,nazarena",nazarenes
nazareth,nazareta,nazareth
néapolis,"neapolia,neapolisy",neapolis
neballat,"nebalata,nebala",neballat
nebat,"nabata,nebata",nebat
nebayot,"nabaiota,nebaiota",nebaioth
nebo,"nebao,nebo",nebo
nebushazbân,"nabosezibana,nebosazbana",nebushasban
nebuzaradân,"nabozardana,nebozaradana",nebuzaradan
néhémie,nehemia,nehemiah
néhèmya,nehemia,nehemiah
nehushta,"nehosta,nohesta",nehushta
nehushtân,"nehostana,nohestàna",nehushtan
nemrod,"nemroda,nimroda",nimrod
nemuélite,"namoelita,nemoelita",nemuelites
nemuel,"namoela,nemoela",nemuel
népheg,"nafega,nefega",nepheg
nephtali,"naftaly,neftalì",naphtali
nephusites,"nefisita,nefosima",nephusim
neqoda,nekodà,nekoda
nérée,nerea,nereus
nergalsaréser,"nergala-sarezera,nergaly-seresera",nergalsharezer
néri,"nerì,nery",neri
nériyya,"neria,nierasa",neriah
ner,nera,ner
netanéel,"natanaela,netanela",nethaneel
netân-mélek,natana-meleka,nathanmelech
netanya,"nataniasa,netania",nethaniah
netophatite,"netofatita,netofà",netophathite
nibhaz,"nebahaza,nibaza",nibhaz
nicanor,nikanora,nicanor
nicodème,"nikodema,nikodemosy",nicodemus
nicolaïtes,nikolaïta,nicolaitanes
nicolas,"nikolà,nikoleo",nicolas
nicopolis,"nikopolia,nikopolisy",nicopolis
niger,"mainty,nigera",niger
nimra,"nemrà,nimra",nimrah
nimrim,"nemrina,nimrima",nimrim
nimshi,"namsì,nimsy",nimshi
ninive,"niniva,ninive",nineveh
nisan,nisana,nisan
nisrok,"nesroka,nisroka",nisroch
nobah,noha,nobah
nob,"noba,nobe",nob
nod,noda,nod
noémi,"naomy,noemì",naomi
noé,"noa,noe",noah
nombres,fanisana,numbers
no,no,no
nophah,"nofa,nofe",nophah
nûn,nona,nun
nymphas,"nimfa,nymfa",nymphas
obadya,"abdiasa,abediasa,obadia",obadiah
obal,"ebala,obala",obal
obed-édom,obed-edoma,obededom
obed,"ebeda,hebeda,obeda",ebed
obot,obota,oboth
oçem,ozema,ozem
ochozias,"ahazia,okoziasa",ahaziah
og,oga,og
ohad,"ahoda,ohada",ohad
ohola,"ohola,oollà",aholah
oholiab,"oholiaba,ooliaba",aholiab
oholibama,"oholibama,oolibamà",aholibamah
oholiba,"oholiba,oolibà",aholibah
okrân,"okdrana,okrana",ocran
olympas,"olimpia,olympa",olympas
omar,omara,omar
oméga,omegà,omega
omri,"amrì,omry",omri
onam,onama,onam
onésime,"onesimosy,onesimo",onesimus
ono,"onao,ono",ono
ophel,ofela,ophel
ophir,ofira,ophir
ophra,"efran,efrà,ofran,ofra",ophrah
oreb,oreba,oreb
orpa,orpà,orpah
osée,"hosea,osea",hoshea
otniel,"othoniela,otniela,otoniela",othniel
otni,"otnì,otny",othni
ozias,"oziasa,ozia",uzziah
ozni,"oznì,ozny",ozni
oznite,oznita,oznites
paaraï,"faraia,paray",paarai
pagiel,"fegiela,pagiela",pagiel
pahat-moab,"fahata-moaba,pahatamoaba",pahathmoab
palluite,"faloita,paloita",palluites
pallu,"falao,falò,palo",pallu
paltiel,"faltiela,paltiela",phaltiel
palti,"faltì,palty",palti
pamphylie,"pamfylia,panfilia",pamphylia
paphos,"pafosy,pafo",paphos
pâque,"paka,paska",passover
parân,"faràna,parana",paran
parçite,farezita,pharzites
paréosh,"farsosa,parosy",parosh
parménas,"parmenasy,parmena",parmenas
parnak,"farnàka,parnaka",parnach
parpar,"farfara,farpara",pharpar
parshândata,"farsadatà,parsandata",parshandatha
parthes,"parta,partiana",parthians
pasak,foseka,pasach
pas-dammim,"efesa-damima,fesa-domima",pasdammim
paséah,"fesè,pasea",paseah
pashehur,"fasora,pasora",pashur
patara,patara,patara
patmos,"patmosy,patmo",patmos
patrobas,"patroba,patrobosa",patrobas
patros,patrosa,pathros
paul,"paoly,saoly",paul
paü,"faho,pao",pau
pedahçur,"fadasora,pedazora",pedahzur
pedahel,"fedaela,pedahela",pedahel
pedaya,"fadaiasa,pedaia",pedaiah
pelatyahu,"feltiasa,pelatia",pelatiah
pelaya,"feleià,pelaia",pelaiah
pélèt,"faleta,feleta,peleta","peleth,pelet"
peninna,"fenenà,penina",peninnah
pentecôte,"pentekosta,pentekoty",pentecost
penuel,"fanoely,peniela,penoela",penuel
péor,"fogora,peora",peor
péqah,"fasea,peka",pekah
peqahya,"faseià,pekahia",pekahiah
peraçim,perazima,perazim
pérèç-uzza,"ferets-ozà,perez-oza",perezuzzah
pergame,"pergama,pergamosy",pergamos
pergé,"perjy,peryga",perga
perizzites,"ferezeana,perizita",perizzites
perse,"persa,persia",persia
persis,"persida,perysa",persis
pétor,petora,pethor
petuel,"fatoely,petoela",pethuel
phalec,"falega,palega",phalec
phanouel,fanoela,phanuel
pharaon,"faraona,farao",pharaoh
pharès,"faresa,fareza",phares
pharisiens,"fariseo,farisiana",pharisees
phébée,"febe,foiby",phebe
phénicie,"fenisia,foinika",phenicia
phénix,"fenisy,foiniksa",phenice
philadelphie,filadelfia,philadelphia
philète,fileto,philetus
philippe,filipo,philip
philippes,filipy,philippi
philippiens,filipiana,philippians
philistie,"filistia,filistìna",palestina
philistins,fifistina,philistines
philologue,filologo,philologus
phlégon,"felgòna,flegona",phlegon
phrygie,"frijia,frygia",phrygia
phygèle,"figelo,fygelo",phygellus
pi-bésèt,"bobasta,pi-beseta",pibeseth
pierre,"petera,piera",peter
pi-hahirot,"fihahirota,hahirota,pi-hahirota",pihahiroth
pikol,"fikola,pikola",phichol
pilate,"pilato,pilaty",pilate
pildash,"feldasa,pildasy",pildash
piltaï,"feltì,piltahy",piltai
pinhas,"finea,finehasa",phinehas
piréatôn,"farataona,faratòna,piratona,piratonita",pirathonite
pisga,"fasgà,pisga",pisgah
pishôn,"fisòna,pisona",pison
pisidie,pisidia,pisidia
pitom,"pitaoma,pitoma",pithom
ponce,"pontio,pontsy",pontius
pont,"ponta,ponto",pontus
porata,"foratà,porata",poratha
porcius,"porsios,porsio",porcius
poti-phéra,"potifara,poti-fera",potipherah
priscille,prisila,priscilla
prochore,"prokora,prokoro",prochorus
proverbes,ohabolana,proverbs
psaumes (les),salamo,psalms
ptolémaïs,"ptolemaisy,tolemaia",ptolemais
pua,"foà,poa",puah
publius,"pobliosa,popilo",publius
pudens,"poda,podensy",pudens
pul,"fola,pola",pul
punôn,"fonona,ponona",punon
pura,"farà,pora",phurah
purim,porima,purim
puteoli,"potioly,pozoly",puteoli
putiel,"fotiela,potiela",putiel
puvvite,"foaita,povita",punites
qadmiel,"kadmiela,kedmiela",kadmiel
qadmonites,"kadmoneana,kadmonita",kadmonites
qallaï,"kalay,kelai",kallai
qamôn,kamòna,camon
qaréah,karea,kareah
qarqor,karkora,karkor
qédar,"kedara,sedara",kedar
qedémot,"kademota,kedemota",kedemoth
qédèsh,"kadesa,kadesi-naftaly",kedeshnaphtali
qédesh,kedesy,kedesh
qehatites,"kaatita,kehatita",kohathites
qehat,"kaata,kehata",kohath
qehélata,"keelatà,kehelata",kehelathah
qéïla,keila,keilah
qelita,kelità,kelita
qemuel,"kamoela,kemoela",kemuel
qenat,"kanata,kenata",kenath
qenaz,"kenaza,keneza,seneza",kenaz
qénites,"kenita,kineana",kenites
qenizzite,"kenezeana,kenizita",kenezite
qeriyyot,"kariota,kiriota",kirioth
qetura,"ketora,setorà",keturah
qibrot-ha-taava,"kibrota-hataavà,kibrota-hatava",kibrothhattaavah
qir-harésèt,kira hereseta,"kirhareseth,kirheres"
qir-hérès,"kira-haresa,kira hereseta,kri-heresa","kirhareseth,kirheres"
qiryat-arba,"kariat-arbe,kiriat-arba,kiriatarbe","ebronah,hebron,kirjatharba"
qiryatayim,"kaariataïma,kariataina,kiriataima","kiriathaim,kirjathaim"
qiryat-baal,"kariat-baala,kariat-jearima","kirjathbaal,kirjathjearim"
qiryat-huçot,"kinata-hozota,kiriata-kotsota",kirjathhuzoth
qiryat-séphèr,"kariata-sefera,kiriata-sefera",kirjathsepher
qiryat-yéarim,"kariat-baala,kariatiarima,kariat-jearima,kiriata-jearima","kirjathbaal,kirjathjearim"
qishôn,"kisona,sisaona",kishon
qish,"kisy,sisa",kish
qitrôn,"kitrona,setrona",kitron
qoç,kaosa,"coz,hakkoz,koz"
qolaya,"kolaia,koliasa",kolaiah
qorah,kore,korah
quartus,"koartosa,koarto",quartus
quirinius,"kyrenio,sirinosy",cyrenius
raamya,"raamiasa,ramia",raamiah
rabba,rabaha,rabbah
rabbi,raby,rabbi
rabbouni,rabôny,rabboni
rachel,"rahely,rasela",rachel
raçôn,"rasina,rezina",rezin
ragau,reo,ragau
rahab,rahaba,rahab
rama,"ragama,rama,regma","raamah,ramah,ram"
ramatayim,"ramataima-sofima,ramataima-zofima",ramathaimzophim
ramat-lehi,"ramata-lehy,ramata-lekia",ramathlehi
ramot,ramota,ramoth
ram,"ragama,regma","raamah,ramah,ram"
ramsès,"ramesesa,ramsesa",rameses
rapha,rafà,rapha
raphu,rafò,raphu
reaya,"raaià,raià,reaia",reaiah
réba,"reba,rebe",reba
rébecca,rebeka,rebekah
réçeph,"razefa,resefa",rezeph
rehobot,"rehobota,rekobota",rehoboth
rehob,"bohoba,rehoba,rohoba",rehob
rehum,rehoma,rehum
reï,"reia,rey",rei
rékabites,"rekaba,rekabita",rechabites
rékab,"rekah,reka",rechah
remalyahu,"rasima,remalia",remaliah
rephaèl,refaela,rephael
rephaïm,"refaima,refaita",rephaim
rephân,"raifàna,refana",remphan
rephidim,"rafidima,refidima",rephidim
réqem,rekema,rekem
résa,"resa,rezà",rhesa
réuel,"doela,roela",reuel
rezôn,"razona,rezona",rezon
rhegium,"regioma,rejio",rhegium
rhodes,"rodo,rody",rhodes
ribaï,"ribaia,ribay",ribai
ribla,"rebla,ribla",riblah
riçpa,"resfà,rizpa",rizpah
riçya,"resià,rizia",rezia
rimmôn-pérèç,"remonfaresa,rimona-pareza",rimmonparez
rimmôn,"remona,rimona",rimmon
riphat,rifata,riphath
rissa,"resà,risa",rissah
ritma,"retmà,ritma",rithmah
roboam,"rehoboama,roboama",rehoboam
roglim,rogelima,rogelim
rohga,"roagà,rohaga",rohgah
rois,mpanjaka,kings
romains,romana,romans
rome,roma,rome
rubénites,robenita,reubenites
ruben,robena,reuben
rufus,rofosy,rufus
ruma,"rimà,romaha",rumah
ruth,rota,ruth
sabta,"sabatà,sabta",sabtah
sabteka,"sabatakà,sabteka",sabtechah
sadducéens,"sadoseana,sadoseo",sadducees
sadok,sadoka,sadoc
sadoq,"sadaoka,zadoka",zadok
sagesse,fahendrena,wisdom
saint esprit,fanahy masina,holy spirit
salamine,"salamina,salamisy",salamis
salathiel,"salatiela,sealtiela",salathiel
salem,salema,salem
salim,"saleima,salima",salim
salka,"saleka,selkà",salchah
salmanasar,"salmanasara,salmanesera",shalmaneser
salmon,salmona,salmon
salomé,salome,salome
salomon,"salomona,solomona",solomon
salu,salò,salu
samarie,samaria,samaria
samaritains,samaritana,samaritans
samgar-nébo,samgarnebo,samgarnebo
samla,"samla,semlà",samlah
samos,"samosy,samo",samos
samothrace,"samotrakia,samotrasy",samothracia
samson,samsona,samson
samuel,samoela,samuel
sânballat,"sanabalata,sanbala",sanballat
saphire,safira,sapphira
saraï,saray,sarai
sara,"saraha,sarà",sarah
sardes,"sarda,sardisy",sardis
sardite,"saredita,seredita",sardites
saréçer,sarezera,sharezer
sareéçer,"sarasara,serezera",sherezer
sarepta,"sareptà,zarefata",sarepta
sargon,sargona,sargon
saron,sarôna,saron
sarôn,"sarona,sarônita",sharonite
sar-sekim,sarsekima,sarsechim
satan,satana,satan
saül,"saola,saoly",saul
scéva,"sevà,skeva",sceva
sébaïtes,sabeana,sabeans
sebam,"sabàna,sebama",shebam
séba,seba,seba
secundus,"sekondosa,sekondo",secundus
sédécias,"sedekiasa,sedesiasa,zedekia",zedekiah
seigneur,tompo,lord
séïr,seira,seir
séled,saleda,seled
séleucie,"seleokia,seleosia",seleucia
semakyahu,"samakiasa,semakia",semachiah
sem,"samaà,sema","shemaah,shem"
senaa,"senaà,sena",senaah
senir,"sanira,senira",shenir
sennachérib,"sankeriba,senakeriba",sennacherib
senné,sene,seneh
séorim,seorima,seorim
sepharad,sefarada,sepharad
séphar,sefara,sephar
sepharvayim,"sefarvaima,sefarvita","sepharvaim,sepharvites"
sérah,sera,serah
serayahu,"saraiasa,saraià",seraiah
seraya,"saraiasa,saraià,seraiasa,seraia",seraiah
séred,"sareda,sereda",sered
sergius paulus,"serjio paoly,serygio paolo",sergius paulus
sérouch,"saroga,seroga",saruch
seth,seta,seth
setur,"setora,sotora",sethur
shaalbim,"salbima,salebima",shaalbim
shaalbôn,"salabona,salbonita",shaalbonite
shaarayim,"saarima,saraima",shaaraim
shaashgaz,"sasegaza,sosagaza",shaashgaz
shabtaï,"sabataì,sabetahy,sebetaì",shabbethai
shadrak,"sadraka,sidraka",shadrach
shalisha,salisa,shalisha
shallum,"saloma,seloma",shallum
shalmaï,salmay,shalmai
shalmân,"salamana,salmana",shalman
shamma,"sama,sammà,samnà","shammah,shamma"
shammua,samoa,shammua
shaphân,safana,shaphan
shaphat,safatà,shaphat
sharar,sarara,sharar
shaûlite,saolita,shaulites
shaûl,saola,saul
shaül,saola,"saul,shaul"
shaûl,saoly,saul
shaül,saoly,"saul,shaul"
shaûl,"soara,zohara",shaul
shavé,save,shaveh
shéarya,"sarià,searia",sheariah
shéar-yashub,seara-jasoba,shearjashub
sheba,"sabà,sheba",sheba
shebna,"sebna,sobnà",shebna
shédéur,sedeora,shedeur
shekanya,"sekania,sekeniasa",shechaniah
shékémite,sekemita,shechemites
shélah,sela,salah
shélanite,"selaita,selita",shelanites
shélanites,silonita,shilonites
shélémyahu,"selemiasa,semelia",shelemiah
shéleph,salefa,sheleph
shélesh,"salesa,selesy",shelesh
shelomi,"salomy,selomy",shelomi
shelomit,"selemita,selomota",shelomith
shelumiel,"salamiela,selomiela",shelumiel
shemarya,"semaria,semeriasa",shemariah
shemayahu,"semaia,semeiasa",shemaiah
shemaya,samià,shemaiah
shémeéber,"semebera,seneber",shemeber
shémer,"samera,somera",shemer
shemidaïte,"semidaïta,semidita",shemidaites
shemida,semida,shemida
shemiramot,semiramota,shemiramoth
shepham,"sefama,sopima","shepham,shuppim"
shephatya,"safatiasa,safatia",shephatiah
shéphèr,"sapera,sefera",shapher
shephi,"sefà,sefy",shephi
shepho,"sefao,sefo",shepho
shephuphamite,"sefofamita,sofamita",shuphamites
shephupham,"sefofama,sofama",shupham
shéresh,"saresa,saresy",sheresh
shéshaï,"sesaia,sesay",sheshai
shéshak,sesàka,sheshach
shéshân,sesàna,sheshan
sheshbaççar,"sasabasara,sesbazara",sheshbazzar
sheshonq,"sesaka,sisaka",shishak
shetar-boznaï,"setara-bozenay,starbozanaì",shetharboznai
shétar,setara,shethar
shibbolet,"shiboleta,skiboleta",shibboleth
shihor,sihora,shihor
shillémite,silemita,shillemites
shillem,"selema,silema",shillem
shiméa,"simea,simmaà",shimea
shiméatites,"sokatiana,sokatita",suchathites
shiméat,"semaata,simata",shimeath
shiméï,"semeia,semeì,simey",shimei
shiméite,simeita,shimites
shimrat,"semarata,simrata",shimrath
shimri,"semrì,simry",simri
shimronite,"semranita,simronita",shimronites
shimrôn,"simerona,simrona",shimrom
shimshaï,"samsaì,simsay",shimshai
shinéab,"senaaba,sinaba",shinab
shinéar,"sennaara,sinara",shinar
shiphéï,"sefeì,sify",shiphi
shiphtân,"seftàna,siftana",shiphtan
shisha,sisà,shisha
shitraï,"setraì,sitray",shitrai
shittim,"setima,sitima",shittim
shiya,seva,sheva
shiza,"sirà,siza",shiza
shobab,sobaba,shobab
shobaï,"sobaì,sobay",shobai
shobal,sobala,shobal
shobi,"sobì,soby",shobi
shophak,"sobaka,sofàka",shophach
shuah,"sohe,sohita",shuhite
shual,"soala,solala",shual
shubaèl,"sobaela,soboela",shubael
shuhamites,sohamita,shuhamites
shuham,sohama,shuham
shumatites,"semateana,somatita",shumathites
shunamite,"sonamita,sonemita",shunammite
shunem,"sonama,sonema",shunem
shuni,"sonì,sony",shuni
shuppim,sopima,"shepham,shuppim"
shur,sora,shur
shutalhite,"sotalaïta,sotelita",shuthalhites
shutélah,"sotalà,sotela",shuthelah
sibbekaï,"sibekay,sobokaì",sibbecai
sibbolet,siboleta,sibboleth
sibma,"sabama,sibma",sibmah
sibrayim,"sabarima,sibraima",sibraim
sichem,"sekema,sikema",shechem
siddim,sidima,siddim
sidoniens,sidoniana,sidonians
sidon,sidona,sidon
sihôn,"sehona,sihona",sihon
silas,silasy,silas
siloé,"siloama,siloe",siloam
silo,"silao,silo",shiloh
siméonites,simeonita,simeonites
siméon,simeona,simeon
simon,simona,simon
sinaï,"sinaia,sinay",sinai
sînîm,sinima,sinim
sinite,"sineana,sinita",sinite
sîn,sina,sin
sion,"siona,ziona",zion
sippaï,"safaì,sipay",sippai
sira,"siraha,sira",sirah
siryôn,"sariona,siriona",sirion
sismaï,"sisamoia,sismay",sisamai
sisra,"sisarà,sisera",sisera
sitna,sitnà,sitnah
sitri,"setrì,sitry",zithri
sivân,sivana,sivan
smyrne,"smirna,smyrna",smyrna
sodi,"sodì,sody",sodi
sodome,sodoma,sodom
soko,"sokao,soko",sochoh
sopatros,sopatera,sopater
sophérèt,sofereta,sophereth
sophonie,"sofonia,zefania",zephaniah
soreq,soreka,sorek
sosipatros,"sosipatera,sosipatro",sosipater
sosthène,sostena,sosthenes
sotaï,"sotahy,sotai",sotai
stachys,"stakisa,staky",stachys
stéphanas,stefanasy,stephanas
suah,"soe,soha",suah
sukkien,sokita,sukkiim
sukkot-benot,sokota-benota,succothbenoth
sukkot,sokota,succoth
suse,"sosana,sosa",shushan
susi,"sosy,sozì",susi
sychar,"sikara,sykara",sychar
syène,"siena,syena",syene
syntychè,"sintikea,syntyke",syntyche
syracuse,"sirakosa,syrakosa",syracuse
syrien,"siriana,syriana",syrian
syrie,"siria,syria",syria
tabbaot,"tabaota,tebaota",tabbaoth
tabbat,"tabata,tebata",tabbath
tabeel,"tabeala,tabeela",tabeal
tabeéra,"tabeerà,tabera",taberah
tabitha,tabità,tabitha
tabor,"tabara,tabora",tabor
tabrimmôn,"tabremona,tabrimona",tabrimon
tadmor,tadmora,tadmor
tahanite,"tahanita,tehenita",tahanites
tahân,"tahana,tehena",tahan
tahas,"tahasy,toasy",thahash
tahat,tahata,tahath
tahpanhès,"tafnesa,tapanesa",tehaphnehes
talitha,talita,talitha
talmaï,"talmay,tolmaia",talmai
talmôn,"talmona,telmona",talmon
tamar,tamara,tamar
tammuz,"tammoza,tamoza",tammuz
tanak,tanàka,taanach
tanhumèt,"tanehometa,tanometa",tanhumeth
tanis,zoana,zoan
tappuah,"tafoà,tapoa",tappuah
tarse,"tarsosy,tarsy",tarsus
tarsis,"tarsisa,tarsisy",tarshish
tartaq,tartaka,tartak
tattenaï,"tatanaì,tatenay",tatnai
tébah,"tabea,teba",tebah
tebalyahu,"tabeliasa,tebalia",tebaliah
tébèç,"tebesa,tebeza",thebez
tébèt,tebeta,tebeth
téglat-phalasar,"teglathfalasara,tiglato-pilesera",tiglathpileser
télem,"talema,telema",telem
tel-harsha,"tela-harsa,tel-harsà",telharesha
tel-mélah,"tela-mela,tel-melà",telmelah
témanites,temanita,temanites
témân,temàna,teman
téma,temà,tema
téqoa,"tekoa,tekoe",tekoa
teqoa,tekoita,tekoites
térah,"tare,tera",tarah
téresh,"taresa,taresy",teresh
terreur-de-tous-côtés,magora-misabiba,magormissabib
tertius,"tersiosa,tertio",tertius
tertullus,"tertolosa,tertylo",tertullus
testament (nouveau),filazantsara,"gospels (the),testament (the new)"
testament,testamenta,testament
thaddée,"tadeo,tade",thaddaeus
théophile,"teofilo,teofily",theophilus
thessaloniciens,"tesaloniana,tesalonìka",thessalonians
thessalonique,tesalonika,thessalonica
theudas,teodasy,theudas
thomas,"tomasy,tomà",thomas
thyatire,"tiatira,tyatira",thyatira
tibère,"tibera,tiberia",tiberius
tibériade,"tiberiady,tiberiasy",tiberias
tibni,"tebnì,tibny",tibni
tiçite,tizita,tizite
tigre,"hidekela,tigra",hiddekel
timée,"timeo,time",timaeus
timnat-hérès,"tamnata-heresy,timnata-heresa",timnathheres
timna,"tamna,timna",timnah
timnite,"tamnaana,timnita",timnite
timon,timona,timon
timothée,"timote,timoty",timotheus
tiqva,"tekoa,tikva",tikvah
tirça,"tersà,tirza",tirzah
tirhaqa,"tharakà,tiraka",tirhakah
tirya,tirià,tiria
tishbite,"tesbita,tisbita",tishbite
tite,"titosy,tito",titus
tobiyya,tobia,tobiah
tob,toba,ishtob
tohu,"taohò,toho",tohu
tokèn,tokena,tochen
tolad,tolada,tolad
tolaïte,"tolaïta,tolita",tolaites
tola,tola,tola
tophel,tofela,tophel
tophèt,tofeta,tophet
troas,troasy,troas
trophime,"trofima,trofimo",trophimus
tryphène,"trifemo,tryfena",tryphena
tryphose,"trifaozy,tryfosa",tryphosa
tubal-caïn,"tobala-kaina,tobal-kaina",tubalcain
tubal,tobala,tubal
tummim,tomima,thummim
tychique,"tisika,tykiko",tychicus
tyrannos,"tiranosa,tyrano",tyrannus
tyr,"tira,tyro",tyre
uç,"osa,oza",uz
ulaï,"olai,olay",ulai
ulam,olama,ulam
urie,oria,uriah
urim,orima,urim
uri,"orì,ory",uri
uzaï,"ozay,ozì",uzai
uzal,ozala,uzal
uzza,oza,uzza
uzziélite,"azielita,ozielita",uzzielites
uzziel,oziela,uzziel
uzzi,"ozi,ozy",uzzi
vaphsi,"vapsì,vofsy",vophsi
vasthi,"vastì,vasty",vashti
yaaqân,jakàna,jakan
yaazanya,"jazania,jezoniasa",jaazaniah
yabal,"jabala,jabela",jabal
yabboq,"jabaoka,jaboka",jabbok
yabesh,"jabesa,jabesy",jabesh
yabîn,jabìna,jabin
yabné,"jabne,jabnia",jabneh
yada,jadà,jada
yaddaï,"jadao,jedao",jadau
yadôn,jadòna,jadon
yaèl,"jaela,jahela",jael
yahaç,"jaasiasa,jahaza,jasà","jahaziah,jahaz"
yahat,jahata,jahath
yahaziel,jahaziela,jahaziel
yahçéélite,"jazielita,jesielita",jahzeelites
yahçéel,"jasiela,jaziela",jahzeel
yahdiel,"jadiela,jediela",jahdiel
yahléélite,"jahalelita,jalelita",jahleelites
yahléel,"jahalela,jalela",jahleel
yahvé-paix,"iaveh-saloma,jehovah-saloma",jehovahshalom
yahvé,jehovah,"god,jehovah,lord"
yahzeya,jaasiasa,"jahaziah,jahaz"
yaïr,jaira,jair
yakîn,jakina,jachin
yalam,"ielona,jalama",jaalam
yaminite,jaminita,jaminites
yamîn,jamina,jamin
yanoah,"janoa,janoe",janoah
yaphia,jafia,japhia
yaphlet,"jafleta,jeflata",japhlet
yaqé,jake,jakeh
yaqim,"jakima,jasima",jakim
yara,jara,jarah
yarib,jariba,jarib
yashobéam,"jasobeama,jesboama",jashobeam
yashubite,jasobita,jashubites
yashub,jasoba,jashub
yatniel,jatanaela,jathniel
yattir,"jatera,jatira,jetera","jattir,jether"
yavân,javàna,javan
yazèr,jazera,jazer
yaziz,jaziza,jaziz
yebèrèkyahu,"jebarakia,jeberekia",jeberechiah
yéçer,"jesera,jezera",jezer
yedaya,"hadaia,jedaia","adaiah,jedaiah"
yediael,"jediaela,jedihela",jediael
yedida,"idida,jedida",jedidah
yedidya,"jedidiah,jedidia",jedidiah
yedutûn,"iditona,jedotona",jeduthun
yegar,"jegara-sahadota,yegara-sahadotà",jegarsahadutha
yehalléléel,"jaleleela,jehalalila",jehaleleel
yehiel,jehiela,jehiel
yehoaddân,joadana,jehoaddan
yehoadda,joada,jehoadah
yehoçadaq,"josedeka,jozadaka",josedech
yehoshaphat,elihorefa,elihoreph
yehoshéba,"josaba,joseba",jehosheba
yehoyada,joiada,jehoiada
yehudit,jodita,judith
yehudi,"jehody,jodì",jehudi
yeïel,jeiela,jeiel
yekolyahu,"jekelia,jekolia",jecholiah
yemuel,"jamoela,jemoela",jemuel
yephunné,jefone,jephunneh
yeqaméam,"jekameama,jekmaàna",jekameam
yerahméel,"jerameela,jeramela",jerahmeel
yérah,"jare,jera",jerah
yéred,jareda,jared
yerémot,jeremota,jeremoth
yeribaï,"jeribaì,jeribay",jeribai
yerimot,jerimota,jerimoth
yeriyya,jeria,jerijah
yeroham,jerohama,jeroham
yerubbaal,"jerobaala,jerobala",jerubbaal
yerusha,jerosa,jerusha
yeshayahu,"jereiasa,jesaia",jeshaiah
yéter,jatera,"jattir,jether"
yetèt,alva,aliah
yetur,jetora,jetur
yéush,"jehosy,jeosy",jeush
yeziel,jeziela,jeziel
yibleam,"jeblaama,jibleama",ibleam
yiçharite,"jesaarita,jizarita",izeharites
yiçhar,"isaara,jizara",izhar
yidbash,"jedebosa,jidbasy",idbash
yidlaph,"jedlafa,jidiafa",jidlaph
yigéal,"jegaala,jigala",igal
yimla,"jemlà,jimla",imlah
yimna,"jemnà,jimna",imna
yimnite,"jemnita,jimnita",jimnites
yiréiyyaï,"jeriasa,jiria",irijah
yishbaq,"jesbaoka,jisbaka",ishbak
yishba,"jesbà,jisba",ishbah
yishéï,"jesì,jisy",ishi
yishma,"jesema,jisma",ishma
yishva,"jesoa,jisva",ishuah
yishvi,jisvy,isui
yiska,"iska,jeskà",iscah
yismakyahu,"jesmakiasa,jismakia",ismachiah
yitma,"jetma,jitma",ithmah
yitrân,"jetrana,jitrana",ithran
yitréam,"jetraama,jitreama",ithream
yizréel,"jezirela,jezrahela,jezrahely",jezreel
yoah,"joahe,joa",joah
yobab,jobaba,jobab
yoèd,joeda,joed
yoèl,joela,joel
yogbéha,"jegbàa,jogbeha",jogbehah
yogboha,jegbàa,jogbehah
yogli,jogly,jogli
yohanân,johanana,johanan
yoha,johà,joha
yokébed,"jokabeda,jokebeda",jochebed
yonadab,jonadaba,jonadab
yoqméam,"jekimaana,jokneama",jokneam
yoqshân,"jeksàna,joksana",jokshan
yoqtân,"jektàna,joktana",joktan
yoqtéel,"jektehela,joktela",joktheel
yorqéam,"jokadama,jokdeama",jokdeam
yoseph,josefa,joseph
yotam,"joatama,jotama",jotham
yotbata,"jetebatà,jotbata",jotbath
yotba,"jeteba,jotba",jotbah
yoyarib,joiariba,joiarib
yozabad,"jozabada,jozabeda",jozabad
yubal,jobala,jubal
yukal,"jokala,jokaly",jucal
zaavân,zavàna,zavan
zabad,zabada,zabad
zabdiel,zabdiela,zabdiel
zabdi,"zabdy,zebedeì",zabdi
zabud,zaboda,zabud
zabulon,"zabolona,zebolona",zebulun
zacharie,zakaria,"zachariah,zechariah"
zachée,"zakaiosy,zake",zacchaeus
zaham,"zahama,zama",zaham
zaker,zakera,zacher
zakkaï,zakaì,zaccai
zakkur,"zakora,zekora",zaccur
zamzummim,"zamzomita,zomzomima",zamzummims
zanoah,"zanoa,zanola",zanoah
zarhite,"zareita,zerita",zarhites
zaza,zaza,zaza
zebadya,"zabadia,zebadia",zebadiah
zébah,"zebaha,zebea,zehaba",zebah
zébédée,"zebede,zebedio",zebedee
zebida,zebidà,zebudah
zebina,"zabinà,zebina",zebina
zebul,zebola,zebul
zéeb,zeba,zeeb
zélote,"zelota,zeloty",zelotes
zemira,"zamirà,zemira",zemira
zénas,"zenasy,zena",zenas
zerahya,"zarehiasa,zerahia",zerahiah
zérah,"zara,zare,zera",zerah
zéred,zareda,zared
zéresh,"zaresa,zaresy",zeresh
zetân,zetàna,zethan
zétar,zetara,zethar
zeus,jopitera,jupiter
zikri,"zekrì,zikry",zichri
zilpa,"zelfah,zilpa",zilpah
zimma,"zammà,zemà,zima",zimmah
zimrân,"zamràna,zimrana",zimran
zimri,"zambrì,zimry",zimri
zipha,"zifaha,zifà",ziphah
ziphrôn,"jofrona,zifrona",ziphron
ziph,"zifa,zifeana,zifiana","ziphites,ziph"
ziza,ziza,ziza
zorobabel,"zerobabela,zorobabela",zerubbabel
zuzim,"zosima,zozima",zuzims
education,fianarana,education
apprendre,mianatra,"imitate (to),learn (to),mimic (to),study (to)"
ardoise (une),solaitra,slate (a)
collège (un),kolejy,college (a)
disciple (un),mpianatra,"pupil (a),student (a)"
école (aller à),mianatra,"imitate (to),learn (to),mimic (to),study (to)"
école,sekoly,school
école (une),sokolo,school (a)
écolier (un),mpianatra,"pupil (a),student (a)"
élève (un),mpianatra,"pupil (a),student (a)"
enseigner,mampianatra,teach (to)
étudiant (un),mpianatra,"pupil (a),student (a)"
imitateur (un),mpianatra,"pupil (a),student (a)"
imiter,mianatra,"imitate (to),learn (to),mimic (to),study (to)"
instituteur,mpampianatra,teacher
instructeur,mpampianatra,teacher
maître,mpampianatra,teacher
tableau noir (un),"hazomainty,solaitrabe",blackboard (a)
université (une),anjerimanontolo,university (a)
université,oniversite,university
emotions,ontam-po,emotions
abaissement,fanetrena,"abasing,humiliating"
abandonner (action d'),famoizana,"abandonment (an),rejection (a),renunciation (a)"
abondance,adana,"happiness,peaceful,peace,prudent,slowness,slow,tranquil"
accident (un),zo,"afflicted (to be),suffer (to)"
affectation,rehareha,"boasting,pride"
affectionner,tia,"like (to),love (to)"
affection (une),fitiavana,"affection (an),liking (a),love (a)"
affliction,"fahoriana,falahelo,tse-po","calamity,distress,sighing,suffering,trouble"
affliction (une),ferinaina,"grief (a),groaning (a),sighing (a)"
afflige (qu'on),zo,"afflicted (to be),suffer (to)"
affliger,"mahory,mampahory","afflict (to),afflict,distress (to),distress,miserable (to make),miserable"
afflige (tout ce qui),zo,"afflicted (to be),suffer (to)"
agacé,"malonilony,malony",vexed
agréer,tia,"like (to),love (to)"
agrément,fahafinaretana,"happiness,pleasure"
aigreur,afero,"bitterness,costly"
aimé,tia,"like (to),love (to)"
aimer,tia,"like (to),love (to)"
air précieux,"hakohako,hako","elation,hauteur,magisterialness"
aisance (une),fiadanana,"composure (a),happiness (an),peace (a),prosperity (a),slowness (a),tranquility (a),tranquillity (a)"
alarme,fahatairana,"alarm,excitement,surprise"
alerte,fahatairana,"alarm,excitement,surprise"
amertume,"afero,fahangidiny","bitterness,costly"
amoureux (follement),matim-pitia,love (in foolish)
amour-propre,hambom-po,"pride,self-esteem"
amour (un),fitiavana,"affection (an),liking (a),love (a)"
antipathie (une),halavolo,"abhorrence (an),enmity (an),hatred (an)"
apitoyé,onena,"dejected,low-spirited,sorry (to feel)"
application (une),zoto,"diligence (a),zeal (a)"
appréhension,tebiteby,"apprehension,fear,trembling"
approver,tia,"like (to),love (to)"
arrêts fréquents,ahanahana,"doubt,hesitation,indecision,pause"
arrogance (une),"fidangadangana,setrasetra","haughtiness (a),pride (a)"
attendre à (s'),manantena,"expect (to),hope (to)"
attendri,onena,"dejected,low-spirited,sorry (to feel)"
attente,fiandrasana,"expectation,waiting"
attente (une),fanantenana,"expectation (an),hope (a)"
attentif,mandala,"affection,attentive"
aumône (une),fiantrana,"alms-deeds,alms,charitableness,compassion (a),pity (a)"
aversion (une),halavolo,"abhorrence (an),enmity (an),hatred (an)"
aveu,"bebaka,fiaikena","admission,confession,forgiveness (imploring),repentance,submission"
avide,"liana,tsivelomisalahy","desiring,impatient"
beau,mahafinaritra,"beautiful,delight,enjoyable,fine,gratify,please"
belle,mahafinaritra,"beautiful,delight,enjoyable,fine,gratify,please"
besoin (un),filana,"desire (a),lust (a),necessity (a),need (a),want (a),wish (a)"
bestialité,habibiana,"brutality,cruelty"
bonheur,"adana,fahafinaretana,hasambarana","blessedness,happiness,peaceful,peace,pleasure,prudent,slowness,slow,tranquil"
bourru,"malonilony,malony",vexed
brutalité,habibiana,"brutality,cruelty"
caprice,"aingitraingitra,angola,sinia,vaitra","desire,fancies,fancy"
causticité (une),siaka,"fierceness (a),violence (a)"
célébrité,da,"celebrity,happiness,renown,success"
chagrin,"fahasorisorenana,hanina,sorisory","affection,annoyance,desire,longing,perplexity,regret,vexation"
chagrin (un),"alahelo,sory","affliction (an),dejection (a),depression (a),grief (a),melancholy (a),miserable,penury (a),poor,poverty (a),sorrow (a)"
charitable,antra,"charity,compassion,pity,tenderness"
chérir,mandala,"affection,attentive"
clémence (une),indrafo,"clemency (a),compassion (a),mercy (a),pity (a),tenderness (a)"
coeur net (action d'en avoir le),ala nenina,"regret (freedom from),remorse (freedom from)"
coeur (un),fo,"desire (a),disposition (a),heart (a),intention (an),sentiment (a),will (a)"
colère,efokefoka,"conceit,haughtiness,pride,vanity"
colère,"afokafoka,eloke,eloko,fahatezerana,kiankenje,safoaka,samontitra,samontotra",anger
colère (enclin à la),saro-po,"hard-hearted,touchy,violent"
coléreux,"maetro-po,saro-po","hard-hearted,touchy,violent"
colérique,saro-po,"hard-hearted,touchy,violent"
compassion,"fahonena,falahelo,tse-po",sighing
compassion (une),indrafo,"clemency (a),compassion (a),mercy (a),pity (a),tenderness (a)"
compatissant,antra,"charity,compassion,pity,tenderness"
concupiscence (une),filan-dratsy,lust (a carnal)
confession,fiaikena,"admission,confession,submission"
confus,haingihaingy,"ashamed,confused"
confusion,"fahamaizinan-kevitra,haingihaingy,kemaka","ashamed,confused"
confusion (la),haihay,"confusion (a),reproach (a),shame (a)"
conscience (une),ahy,"anxiety (an),attention (an),care (a),inquietude (an),solicitude (a)"
considération (la),haja,"honor (the),honour (the),regard (the),respect (the),reverence (the)"
constance,aritra,"continuance,endurance,forbearance,patience"
consterné (être),mivarahontsana,"consternation (to be in),despair (to be in)"
conversion,"bebaka,fibebahana","confession,contrition,forgiveness (imploring),repentance"
convoiter,maniry,"desire (to),wish for (to)"
courage,"herim-po,lofo","courage,persistence"
courage (un),fo,"desire (a),disposition (a),heart (a),intention (an),sentiment (a),will (a)"
courroux,safoaka,anger
crainte,fahatairana,"alarm,excitement,surprise"
crainte (une),"fahatahorana,henamaso,tahotra","awe (an),fear (a),fearful attitude (a),respect (a),terror (a)"
cruauté,habibiana,"brutality,cruelty"
cruauté (une),siaka,"fierceness (a),violence (a)"
culpabilité (une),hadisoana,"criminality (a),deficiency (a),error (an),failure (a),guilt (a),mistake (a)"
déconcerté,kivy,"discouraged,dismayed"
découragé,kivy,"discouraged,dismayed"
dédain,rehareha,"boasting,pride"
dégoût,"dikidiky,diky","annoyance,vexation"
dégoûté,"kivy,tofo","discouraged,dismayed"
dégoûter,"mahadikidiky,mankaleo","annoy (to),aversion (to cause),disgust (to),intoxicate (to),vex (to),worry (to)"
délicatesse,"hakohako,hako","elation,hauteur,magisterialness"
déplaisir,"dikidiky,diky,monjomonjo","annoyance,vexation"
désespérer,mamoy fo,"despair (to be in),despait (to),lose heart (to)"
désespoir (un),famoizam-po,despair (a)
désir ardent,hetaheta,desire (a strong)
désir,"aingitraingitra,faniriana,haoka,sitrapo","craving,desire,eagerness,longing,will,wish"
désir,iry,desire
désiré,irina,desired
désirer,"maniry,tia","desire (to),like (to),love (to),wish for (to)"
désir (un),filana,"desire (a),lust (a),necessity (a),need (a),want (a),wish (a)"
désir (un),fo,"desire (a),disposition (a),heart (a),intention (an),sentiment (a),will (a)"
détester réciproquement (se),mifankahala,hate one another (to)
diligence,fahazotoana,"diligence,zeal"
diligence (une),zoto,"diligence (a),zeal (a)"
embarras,fahasahiranana,"embarrassment,lack,perplexity"
embarrassé,fahaporetana,"distress,oppression"
emportement,"efokefoka,fiafonafonana,fiafonafona","conceit,haughtiness,pride,vanity"
ému,onena,"dejected,low-spirited,sorry (to feel)"
encouragement,"famporisihana,risika","encouragement,zeal"
endurance,aritra,"continuance,endurance,forbearance,patience"
enivrer,mankaleo,"aversion (to cause),disgust (to),intoxicate (to)"
ennui,"dikidiky,diky,fahasorisorenana","annoyance,perplexity,vexation"
ennui (un),sory,"miserable,poor"
envie,"alona,faniriana","desire,envy,jealousy,wish"
envier,mialona,"envy (to),jealous of (to be)"
épargner,mandala,"affection,attentive"
erreur (une),hadisoana,"criminality (a),deficiency (a),error (an),failure (a),guilt (a),mistake (a)"
espérance (une),fanantenana,"expectation (an),hope (a)"
espérer,manantena,"expect (to),hope (to)"
espoir (un),fanantenana,"expectation (an),hope (a)"
fâché,tezitra,angry
faiblesse,fahosana,"cowardice,weakness"
fantaisie,angola,"desire,fancies,fancy"
faute (une),hadisoana,"criminality (a),deficiency (a),error (an),failure (a),guilt (a),mistake (a)"
félicité,hasambarana,"blessedness,happiness"
férocité (une),siaka,"fierceness (a),violence (a)"
fierté,efokefoka,"conceit,haughtiness,pride,vanity"
fierté,rehareha,"boasting,pride"
fierté (une),"fidangadangana,setrasetra","haughtiness (a),pride (a)"
force (une),tabiha,"equipage (an),glory (a),honor (an),pomp (a),splendour (a),state (a)"
frayeur (une),"fahatahorana,tahotra","fear (a),fearful attitude (a),terror (a)"
fureur,"afonafona,fiafonafonana,fiafonafona,samontitra,samontotra","fury,impetuosity,rage,violence"
fureur (une),"efonefona,faharomotana,fofofofo",anger (an)
furie,"afokafoka,afonafona,safoaka","anger,fury,impetuosity,rage,violence"
garde,fiandrasana,"expectation,waiting"
gémissement,kaonkaona,"complaint,cry"
gloire (une),tabiha,"equipage (an),glory (a),honor (an),pomp (a),splendour (a),state (a)"
goût piquant (un),siaka,"fierceness (a),violence (a)"
haine,fankahalana,hatred
haïr,"mandrafy,mankahala","abhor (to),hate (to),jealous (to be),rival (to)"
haïr mutuellement (se),mifankahala,hate one another (to)
hardiesse (une),setrasetra,"haughtiness (a),pride (a)"
hauteur,"avonavona,rehareha","boasting,haughtiness,pride"
hauteur (une),"fiavonavonana,fidangadangana,setrasetra,setra","arrogance (an),haughtiness (a),pride (a)"
hésitations,ahanahana,"doubt,hesitation,indecision,pause"
honneur,asy,"respect,veneration"
honneur (l'),haja,"honor (the),honour (the),regard (the),respect (the),reverence (the)"
honneur (un),tabiha,"equipage (an),glory (a),honor (an),pomp (a),splendour (a),state (a)"
honte,"kemaka,resin-kenatra","bashfulness,shame"
honte (une),"henamaso,henatra","awe (an),bashfulness (s),disgrace (s),respect (a),shamefacedness (s),shame (s)"
humeur,fahasosorana,"annoyance,vexation"
humiliation,"fanapepoana,fanetrena","abasing,humiliating"
humiliation (une),henatra,"bashfulness (s),disgrace (s),shamefacedness (s),shame (s)"
humilité (une),fanetren-tena,humility (an)
impatience,haoka,"craving,desire,eagerness,longing"
impatient,liana,"desiring,impatient"
impressionné,onena,"dejected,low-spirited,sorry (to feel)"
incitement encouragement,fampirisihana,"encouragement,zeal"
incitement,famporisihana,"encouragement,zeal"
indifférence,fahalainana,"laziness,unwillingness"
indifférent,baranahiny,"careless,heedlessness,indifference"
injure (une),latsa,"insult (an),reproach (a),upbraiding (an)"
injurier,mandatsa,"insult (to),reproach (to),upbraid (to)"
inquiétude,"fanahiana,fiahiahiana,manahy,tebiteby","anxiety,apprehension,care,concerned,concern,disturb,fear,have suspicions,perturb,trembling,worry"
inquiétude (une),"ahiahy,ahy","anxiety (an),attention (an),care (a),inquietude (an),solicitude (a)"
insolence,darondarona,"anger,insolence"
insouciant,baranahiny,"careless,heedlessness,indifference"
insulter avec colère,midarondarona,"insult in anger (to),vex in anger (to)"
insulter,mandatsa,"insult (to),reproach (to),upbraid (to)"
intention,finiavana,"intent,purpose"
intention (une),fo,"desire (a),disposition (a),heart (a),intention (an),sentiment (a),will (a)"
jalouser,mandrafy,"hate (to),jealous (to be),rival (to)"
jalousie,"alona,farahy","envy,jealousy"
jalousie (une),fialonana,jealousy (a)
jaloux de (être),mialona,"envy (to),jealous of (to be)"
jaloux,saro-piaro,jealous
joie,fahafinaretana,"happiness,pleasure"
lâcheté,"fahosana,hakanosana","cowardice,weakness"
lenteur,"adana,fiadana","composure,happiness,peaceful,peace,prosperity,prudent,slowness,slow,tranquility,tranquil"
lenteur (une),fiadanana,"composure (a),happiness (an),peace (a),prosperity (a),slowness (a),tranquility (a),tranquillity (a)"
malheur,fahoriana,"calamity,distress,suffering,trouble"
malheur (un),zo,"afflicted (to be),suffer (to)"
méchanceté (une),siaka,"fierceness (a),violence (a)"
mélancolique,manjoretra,"melancholy,silent,thoughtful"
mépriser,maneso,"mock (to),scorn (to)"
mépris,"adonadona,eso,rehareha","boasting,contemptuousness,haughtiness,mockery,pride,scorn"
misérable (rendre),mampahory,"afflict (to),distress (to),miserable (to make)"
miséricorde (une),indrafo,"clemency (a),compassion (a),mercy (a),pity (a),tenderness (a)"
moquer de (se),"mamazivazy,maneso","mock (to),scorn (to),tease (to),torment (to)"
moquerie,eso,"mockery,scorn"
morne,"joretra,manjoretra","melancholy,silent,thoughtful"
occuper,manahy,"care,concerned,disturb,have suspicions,perturb,worry"
opposition (une),setra,"haughtiness (a),pride (a)"
orgueil,"adonadona,avonavona,fiboha,rehareha","boasting,contemptuousness,haughtiness,pride"
orgueil (un),"efonefona,fiavonavonana,setrasetra,setra","arrogance (an),haughtiness (a),pride (a)"
ostentation,"etaketaka,rehareha","boasting,pride"
paisible,fiadana,"composure,happiness,prosperity,slowness,tranquility"
paix,adana,"happiness,peaceful,peace,prudent,slowness,slow,tranquil"
paix (une),fiadanana,"composure (a),happiness (an),peace (a),prosperity (a),slowness (a),tranquility (a),tranquillity (a)"
pardon (demande de),bebaka,"confession,forgiveness (imploring),repentance"
paresse,fahalainana,"laziness,unwillingness"
passion (une),"fahababoam-po,filan-dratsy",lust (a carnal)
patience,"aritra,fandeferana,fihafiana","continuance,endurance,forbearance,patience"
patience (une),faharetana,"endurance (an),patience (a)"
pauses fréquentes,ahanahana,"doubt,hesitation,indecision,pause"
pauvreté,fahoriana,"calamity,distress,suffering,trouble"
peine,tse-po,sighing
pénitence (une),fivalozana,"regret (a),repentance (a)"
perdre (action de),famoizana,"abandonment (an),rejection (a),renunciation (a)"
persévérance,aritra,"continuance,endurance,forbearance,patience"
persévérance (une),faharetana,"endurance (an),patience (a)"
persistance,lofo,persistence
peur (une),tahotra,"fear (a),terror (a)"
pitié (avoir),"mamindra fo,onena","commiserate (to),compassionate (to),dejected,low-spirited,mercy (to have),pity (to have),sorry (to feel)"
pitié (une),indrafo,"clemency (a),compassion (a),mercy (a),pity (a),tenderness (a)"
plaisanterie (dit par),kivalavala,"disrespect (showing),jest (said in)"
plaisanter,mamazivazy,"mock (to),tease (to),torment (to)"
plaisir,"fahafinaretana,fifaliana","happiness,pleasure,rejoicing"
plaisir (un bon),danin' ny kibo,"desire (one's),pleasure (one's),will (one's)"
point d'honneur,hambom-po,"pride,self-esteem"
pressé,fahaporetana,"distress,oppression"
prétention,"hakohako,hako","elation,hauteur,magisterialness"
prospérité,adana,"happiness,peaceful,peace,prudent,slowness,slow,tranquil"
prospérité (une),fiadanana,"composure (a),happiness (an),peace (a),prosperity (a),slowness (a),tranquility (a),tranquillity (a)"
raillerie,eso,"mockery,scorn"
rancune,"fo lentika,kifompo,lolompo","malice,malignity,spite"
recherche,"hakohako,hako","elation,hauteur,magisterialness"
recherche (une),filana,"desire (a),lust (a),necessity (a),need (a),want (a),wish (a)"
refus,fandavana,"denial,disapproval,refusal"
regret,"falahelo,fanenenana,fibebahana,hanina,nenina,rembona","affection,confession,contrition,desire,grief,longing,regret,remorse,repentance"
regretter,"mahamanina,manina","long for (to),longing,long,regret (to)"
regret (un),embona,sigh (a)
réjouir,fifaliana,"happiness,rejoicing"
remords (avoir des),manenina,"grieve at (to),lament (to),regret (to),repent (to),rue (to)"
remords,"fanenenana,nenina","contrition,grief,regret,remorse,repentance"
reniement,fandavana,"denial,disapproval,refusal"
renommée,da,"celebrity,happiness,renown,success"
renoncement,fandavana,"denial,disapproval,refusal"
renoncement (un),famoizana,"abandonment (an),rejection (a),renunciation (a)"
renoncer (action de),famoizana,"abandonment (an),rejection (a),renunciation (a)"
repentir,"bebaka,fibebahana","confession,contrition,forgiveness (imploring),repentance"
repentir (se),manenina,"grieve at (to),lament (to),regret (to),repent (to),rue (to)"
repentir (un),fivalozana,"regret (a),repentance (a)"
reproche (un),latsa,"insult (an),reproach (a),upbraiding (an)"
résistance (une),faharetana,"endurance (an),patience (a)"
résistance (une),setra,"haughtiness (a),pride (a)"
respect (le),haja,"honor (the),honour (the),regard (the),respect (the),reverence (the)"
respect,asy,"respect,veneration"
respectueux (peu),kivalavala,"disrespect (showing),jest (said in)"
ressentiment,otri-po,"malice,malignity"
retard,fiadana,"composure,happiness,prosperity,slowness,tranquility"
rival de (être),mandrafy,"hate (to),jealous (to be),rival (to)"
rudesse (une),siaka,"fierceness (a),violence (a)"
sauvagerie,habibiana,"brutality,cruelty"
sauvagerie (une),siaka,"fierceness (a),violence (a)"
secourir (action de),fiantrana,"alms-deeds,alms,charitableness,compassion (a),pity (a)"
secours (un),fiantrana,"alms-deeds,alms,charitableness,compassion (a),pity (a)"
serré,fahaporetana,"distress,oppression"
sévérité (une),siaka,"fierceness (a),violence (a)"
silencieux,"joretra,manjoretra","melancholy,silent,thoughtful"
soigner,mandala,"affection,attentive"
soin (un),ahy,"anxiety (an),attention (an),care (a),inquietude (an),solicitude (a)"
sollicitude (une),ahy,"anxiety (an),attention (an),care (a),inquietude (an),solicitude (a)"
souci,fanahiana,"anxiety,worry"
souci (un),ahy,"anxiety (an),attention (an),care (a),inquietude (an),solicitude (a)"
souffrance,"fahoriana,fijaliana,miferinaina","calamity,distress,grieve,groan,sigh,suffering,trouble,uncomfortable,unhappy"
souffrance (une),ferinaina,"grief (a),groaning (a),sighing (a)"
souffre (qui),zo,"afflicted (to be),suffer (to)"
souffrir (faire),mampahory,"afflict (to),distress (to),miserable (to make)"
souffrir,"mahory,miferinaina","afflict,distress,grieve,groan,miserable,sigh,suffering,uncomfortable,unhappy"
souhait,faniriana,"desire,wish"
soumission,fiaikena,"admission,confession,submission"
soupçonneux,saro-piaro,jealous
soupçon,"farahy,fiahiahiana","concern,worry"
soupçon (un),"ahiahy,ahy","anxiety (an),attention (an),care (a),inquietude (an),solicitude (a)"
soupirer,manina,"long for (to),regret (to)"
soupir (un),embona,sigh (a)
superbe,mahafinaritra,"beautiful,delight,enjoyable,fine,gratify,please"
support,aritra,"continuance,endurance,forbearance,patience"
surprise,fahatairana,"alarm,excitement,surprise"
terreur (une),tahotra,"fear (a),terror (a)"
timide,resin-kenatra,"bashfulness,shame"
timidité,haingihaingy,"ashamed,confused"
tracas,fahasahiranana,"embarrassment,lack,perplexity"
tranquillité,adana,"happiness,peaceful,peace,prudent,slowness,slow,tranquil"
tranquillité (une),fiadanana,"composure (a),happiness (an),peace (a),prosperity (a),slowness (a),tranquility (a),tranquillity (a)"
tristesse (une),alahelo,"affliction (an),dejection (a),depression (a),grief (a),melancholy (a),penury (a),poverty (a),sorrow (a)"
trouble,tebiteby,"apprehension,fear,trembling"
vanité,rehareha,"boasting,pride"
vantardise,"fiboha,rehareha","boasting,pride"
vénération (la),haja,"honor (the),honour (the),regard (the),respect (the),reverence (the)"
vénération,asy,"respect,veneration"
vengeance,otri-po,"malice,malignity"
vexation (une),sory,"miserable,poor"
vexation,"fahasorisorenana,fahasosorana,sorisory","annoyance,perplexity,vexation"
vexer,mahadikidiky,"annoy (to),disgust (to),vex (to),worry (to)"
vexé,"malonilony,malony",vexed
vigueur,herim-po,courage
violence (une),siaka,"fierceness (a),violence (a)"
volonté (une),fo,"desire (a),disposition (a),heart (a),intention (an),sentiment (a),will (a)"
volonté,sitrapo,"desire,will"
vouloir,tia,"like (to),love (to)"
zèle (un),zoto,"diligence (a),zeal (a)"
zèle,"fahazotoana,risika,zotom-po","diligence,encouragement,zeal"
espace,toerana,space
aisselles (jusqu'aux),hahelika,armpits (up to the)
antérieur,aloha,"ahead,before,first,previously,previous"
auparavant,aloha,"ahead,before,first,previously,previous"
avant,aloha,"ahead,before,first,previously,previous"
bas,ambany,"below,beneath,down,under"
bientôt,ato,"here,recently,soon"
brasse,"fahafolo,refy","fathom,measure,ten"
brasse (une demi-),mamakitratra,yard (a)
ceinture (jusqu' à la),"havalahana,havaniana","loins (up to the),waist-deep"
cent brasses,fahazato,hundred fathoms
centilitre (un),santilitatra,centiliter (a)
centimètre (un),santimetatra,centimeter (a)
centre (au),"afovoany,ampovoany,anivo","amidst,center of (in the),middle of (in the),midst of (in the)"
centre (le),ampovoany,"amidst,center of (in the),middle of (in the),midst of (in the)"
cheville (une),hakitrokely,ankle (an)
cinq brasses,fahadimy,five fathoms
cinq brasses (moitié de),sasapahadimy,five fathoms (half of)
cote,refy,"fathom,measure"
coudée (une),hakiho,cubit (a)
cou (jusqu' au),havozona,neck (up to the)
cuisse (jusqu' au haut de la),hafotope,"hip deep,hip high,thighs (up to the)"
dans,anaty,inside
dedans (au),anaty,inside
dedans (le),aty,"inside (the),room (a)"
demi-pied,tapa-dia,half-foot
devant (au),aloha,"ahead,before,first,previously,previous"
devant,aloha,"ahead,before,first,previously,previous"
dimension,"fahalehibiazana,refy","dimension,fathom,greatness,measure,size"
dix,fahafolo,ten
droite (à),ankavanana,right (to the)
empan (un),"ampiravahana,irainjehy,zehy",span (a)
est (au-delà vers l'),andafiatsinanana,east (across on the other side to the)
est,"ambony,ampisoronana,antiñanana",east
est (l'),atsinanana,east (the)
estomac (jusqu' au creux de l'),havavafo,stomach (up to the pit of the)
fesses (jusqu' aux),hafotope,"hip deep,hip high,thighs (up to the)"
front (jusqu' au),hahandrina,forehead (up to the)
gauche (à),ankavia,left (to the)
gorge (jusqu' à la),hatenda,neck (up to the)
grandeur,fahalehibiazana,"dimension,greatness,size"
hanches (jusqu' aux),hafotope,"hip deep,hip high,thighs (up to the)"
hauteur (une),jalajala,height (a)
huit brasses,fahavalo,eight yards
ici,ato,"here,recently,soon"
imminent,antomotra,"close at hand,near at hand"
inclus,anaty,inside
intérieur (l'),aty,"inside (the),room (a)"
kilomètre,"kilaometatra,kilômetatra",kilometer
là-bas,arỳ,"there far away,yonder"
là,arỳ,"there far away,yonder"
largeur,"ampohy,indrabeny,lambanana",width
largeur (une),"sakany,saka",width (a)
loin pas visible,arỳ,"there far away,yonder"
long,lava,long
longueur,"habosana,halavana,halavany",length
menton (jusqu' au),hasaoka,chin (up to the)
mesure,refy,"fathom,measure"
mètre,metatra,"meter,metre"
milieu (au),"afovoany,ampovoany","amidst,center of (in the),middle of (in the),midst of (in the)"
milieu (le),ampovoany,"amidst,center of (in the),middle of (in the),midst of (in the)"
milieu,"anivony,matona",middle
mollet (jusqu'au mollet),haranjo,calf (up to the)
nord (aller vers le),mianavaratra,"north (to go to the),northwards (to go)"
nord (au-delà vers le),andafiavaratra,north (across on the other side to the)
nord (le),avaratra,north (the)
ouest (aller vers l'),miankandrefana,"west (to go to the),westwards (to go)"
ouest (au-delà vers l),andafiandrefana,west (across on the other side to the)
ouest (l'),andrefana,west (the)
ouest,"ambany,anjefa",west
parmi,anaty,inside
plante des pieds (jusqu'à la),hafaladia,"shallow,sole of the foot (up to the)"
poitrine (jusqu' à la),hatratra,chest (up to the)
portée d'une pierre (à la),indray mitoraka,once
pouce (un),posy,inch (an)
proche,antomotra,"close at hand,near at hand"
quatre brasses,fahefatra,four fathoms
quelque part,any ho any,somewhere
reins (jusqu' aux),"havalahana,havaniana","loins (up to the),waist-deep"
sein (jusqu'au),hanono,nipple (up to the)
sept brasses,fahafito,seven fathoms
sous,ambany,"below,beneath,down,under"
sud (aller vers le),mianatsimo,"south (to go to the),southward (to go)"
sud (au-delà vers le),andafiatsimo,south (across on the other side to the)
sud (le),atsimo,south (the)
sud,"ambalaka,ampimbana,antimo",south
ventre (jusqu'au),hakibo,belly (as deep as the)
vers le nord,no ho mianavaratra,northward
vers l'est,no ho miantsinanana,eastward
vers le sud,no ho mianatsimo,southward
vers l'ouest,no ho miankandrefana,westward
yard (un),mamakitratra,yard (a)
etiquette,teny fanajana,forms of address
aîné,razoky,"brother,sister"
aînée,razoky,"brother,sister"
cadet,razandry,"brother,sister"
cadette,razandry,"brother,sister"
défunte (la),"itompokovavy,ratompokovavy",late (the)
défunt (le),"itompokolahy,ratompokolahy",late (the)
félicitation,arahaba,"congratulations,greeting"
feue,"itompokovavy,ratompokovavy",late (the)
feu,"itompokolahy,ratompokolahy",late (the)
frère,"razandry,razoky","brother,sister"
frère (un),ranadahy,brother (a)
maman,ineny,mother
mère,ineny,mother
mlle,rtoa,"mrs.,ms."
mme,rtoa,"mrs.,ms."
m.,"atoa,ing",mr.
monsieur,"andriamatoa,ingahy","mister,sir"
monsieur,"mose,ramose,rangahy","man (old),mister"
monsieur,tompokolahy,sir
passer (prière de me laisser),mbay lalana,pass (please let me)
passer (veuillez me permettre de),mbay lalana,pass (please let me)
père,"idada,ikaky",father
place d'honneur (la),avara-patana,place of honor (the)
regrettée (la),"itompokovavy,ratompokovavy",late (the)
regretté (le),"itompokolahy,ratompokolahy",late (the)
salutation,arahaba,"congratulations,greeting"
salut,arahaba,"congratulations,greeting"
soeur,"razandry,razoky","brother,sister"
soeur (une),ranabavy,sister (a)
vieillard,rangahy,man (old)
vieille,rafotsy,elderly
vivez longtemps,trarantitra,live long
géographie,haitoetany,geography
géographie:agglomérations,haitoetany:tanàna,geography:towns
alexandrie,aleksandria,alexandria
géographie:côtes,haitoetany:tsiraka,geography:coasts
géographie:(en général),haitoetany:(amin' ny ankapobeny),geography:(in general)
abîme (un),tevana,"abyss (an),precipice (a)"
alluvion,"angon-dilatra,bedana,hetro",alluvium
amont,"anadrea,anira,irà",upstream
artésien (un puits),vovo ranogeja,artesian well (an)
automne,fararano,"autumn,fall,harvest"
aval (en),anava,downstream
banlieue,ambanivolo,country
banlieue (une),zanabohitra,suburb (a)
bassin,kamory,"pond,reservoir"
bloc,bonga,"clod,eminence,hill"
boue,antsanga,mud
bourbeux (un terrain),heniheny,swamp (a)
brousse (une),ambanivohitra,"country people,country (the)"
butte,bonga,"clod,eminence,hill"
campagnard (un),ambanivohitra,"country people,country (the)"
campagne,ambanivolo,country
campagne (une),"ambanivohitra,saha","country (a),country people,country (the),field (a),garden (a),orchard (an),valley (a)"
capitale (une),renivohitra,capital (a)
cap (un),tanjona,"cape (a),peninsula (a)"
carte (une),sarintany,map (a)
cascade (une),riana,"rapids,waterfall (a)"
caverne (une),lavaka,"cave (a),den (a),hole (a),pit (a)"
champ,baibo,"field,land (fertile)"
champ (un),saha,"country (a),field (a),garden (a),orchard (an),valley (a)"
citadins (les),ambonivohitra,town dwellers
col,"hadilanana,vozontany","dale,dell,dingle,isthmus"
colline,"kiboritany,monto,vohitra,vohitry","hill,village"
colline (une),"tanety,tendrombohitra","mountain (a),summit (a)"
confluent,"lovoke,vinanindrano,vinany","confluence,estuary"
continent,"kôntinanta,tanibe",continent
crue (une),tondra-drano,flood (a)
défilé,bangoa,"defile,valley"
défilé,hadilanana,"dale,dell,dingle,isthmus"
dôme,bonga,"clod,eminence,hill"
élévation,vohitra,"hill,village"
embouchure,"vinanin-dranomasina,vinany","confluence,estuary"
embouchure (une),vavarano,estuary (an)
équateur,"ekoatera,fehibe",equator
espace dénudé dans la forêt,fatrana,space in the forest (open)
estuaire,"vinanin-dranomasina,vinanindrano,vinany","confluence,estuary"
estuaire (un),vavarano,estuary (an)
étang,"kamory,matsabory","pond,reservoir"
étang,farihy,"lake,pond,pool"
été (un),fahavaratra,summer (a)
fleuve (un),ony,river (a)
fosse (une),lavaka,"cave (a),den (a),hole (a),pit (a)"
fossé (un),tevana,"abyss (an),precipice (a)"
géographie,jeografia,geography
hameau,vohitra,"hill,village"
hameau (un),tanàna,"city (a),town (a)"
hémisphère (un),ila bolantany,hemisphere (an)
hiver,"asotsy,ririnina",winter
horizon,faravodilanitra,horizon
île (une),"nosy,tokonosy",island (an)
inondation (une),tondra-drano,flood (a)
jardin (un),saha,"country (a),field (a),garden (a),orchard (an),valley (a)"
jungle,ala mikitroka,jungle
lac,"farihy,kamory","lake,pond,pool,reservoir"
latérite,"nofon-tany,tany","country (a),earth (an),land (a),nation (a),soil (a),topsoil"
limon,"betro,dilatra","alluvium,sediment,silt"
longitude,"laharan-jarahasina,lavam-pehintany",longitude
marais (un),"heniheny,hetrina,horaka,zehitra,zetra","ricefield (a),swamp (a)"
marécage (un),"hetrina,honahona",swamp (a)
marécage (un),"heniheny,horaka,zetra","ricefield (a),swamp (a)"
masse,bonga,"clod,eminence,hill"
mer (la),"alaotra,ranomasina",sea (the)
moisson,fararano,"autumn,fall,harvest"
montagne,"bonga,vohitra,vohitry","clod,eminence,hill,village"
montagne (une),tendrombohitra,"mountain (a),summit (a)"
nation (une),tany,"country (a),earth (an),land (a),nation (a),soil (a)"
océan,oseana,ocean
océan,"bambandrano,ranomasimbe",ocean
océan (un),"bambandranobe,bambandranomasina",ocean (an)
oued (un),ony,river (a)
parallèle,"fehintany,laharam-pehintany,zana-pehintany","parallel,tropic"
pays (un),tany,"country (a),earth (an),land (a),nation (a),soil (a)"
péninsule (une),tanjona,"cape (a),peninsula (a)"
plaine,"banjana,tany lemaka",plain
plaine (une),"banja,lemaka,tany","country (a),earth (an),flat land,land (a),nation (a),plain (a),soil (a)"
plateau,"bonga,dongolava,lembalemba","clod,eminence,hill"
plat (un terrain),lemaka,"flat land,plain (a)"
précipice (un),"fampana,tevana","abyss (an),precipice (a)"
presqu'île (une),tanjona,"cape (a),peninsula (a)"
printemps (un),lohataona,springtime (a)
promontoire (un),orona,promontory (a)
quartier,faribohitra,"quarter,ward"
rapides (des),"ranomare,riana","rapids,waterfall (a)"
rapide (un),"ranomare,riana","rapids,waterfall (a)"
ravin (un),fampana,"abyss (an),precipice (a)"
région (une),faritany,"boundary (a),landmark (a),region (a),territory (a)"
réservoir,kamory,"pond,reservoir"
rivière (une),"ony,renirano",river (a)
rizières (les),heniheny,swamp (a)
rizière (une),horaka,ricefield (a)
rocher,harana,rock
saison sèche (la),main-tany,dry season (the)
sol,nofon-tany,topsoil
sol (un),tany,"country (a),earth (an),land (a),nation (a),soil (a)"
sommet (un),tendrombohitra,"mountain (a),summit (a)"
sous-sol,nofon-tany,topsoil
steppe,fatrana,space in the forest (open)
temps orageux (saison du),fahavaratra,summer (a)
terrain (un),tany,"country (a),earth (an),land (a),nation (a),soil (a)"
terreau (un),tany,"country (a),earth (an),land (a),nation (a),soil (a)"
terre fertile,baibo,"field,land (fertile)"
terre (une),tany,"country (a),earth (an),land (a),nation (a),soil (a)"
territoire (un),faritany,"boundary (a),landmark (a),region (a),territory (a)"
toponymie (une),haianarantany,toponymy (a)
tremblement,horohoron-tany,earthquake
tropique,"adijady,asorotany,zana-pehintany","parallel,tropic"
trou (un),lavaka,"cave (a),den (a),hole (a),pit (a)"
vallée (une),saha,"country (a),field (a),garden (a),orchard (an),valley (a)"
vallée,bangoa,"defile,valley"
vent,"anim-balala,animbato","breeze,wind"
village (un),tanàna,"city (a),town (a)"
village,vohitra,"hill,village"
ville (une),tanàna,"city (a),town (a)"
ville,vohitra,"hill,village"
volcan,"afotroa,volokano",volcano
zone tempérée (une),"fehivorintany faritra ivo,fehivorintany ivo",temperate zone (a)
"géographie:monts, vaux","haitoetany:temdrombohitra, saha","geography:mountains, vales"
géographie:monuments,haitoetany:monuments,geography:monuments
château-fort,rova,"fort,palisade"
fortin,rova,"fort,palisade"
palais,rova,"fort,palisade"
palissade,rova,"fort,palisade"
"géographie:pays, peuples","haitoetany:firenena, foko","geography:countries, people"
africain,"afrikana,afrikanina",african
africaine,"afrikana,afrikanina",african
afrique,afrika,africa
algérie,alzeria,algeria
algérien,alzerianina,algerian
allemagne,alemaina,germany
allemand,"alemaina,alemanina",german
américain,amerikanina,american
américaine,amerikanina,american
amérique,amerika,america
anglais,"angley,anglisy","englishman,englishwoman,english"
anglaise,"angley,anglisy","englishman,englishwoman,english"
angleterre,"angletera,englanda",england
arabe,arabo,"arab,moslem"
argentin,arzantinina,"argentinean,argentine,argentinian"
argentine,arzantina,argentina
argentine,arzantinina,"argentinean,argentine,argentinian"
asie,azia,asia
australie,aostralia,australia
australien,aostralianina,australian
australienne,aostralianina,australian
bantou,bantoa,bantu
belge,belza,belgian
belgique,belzika,belgium
bolivie,bolivia,bolivia
bolivien,bolivianina,bolivian
bolivienne,bolivianina,bolivian
brésil,brezila,brazil
brésilien,brezilianina,brazilian
brésilienne,brezilianina,brazilian
canada,kanadà,canada
canadien,kanadianina,canadian
canadienne,kanadianina,canadian
chili,silia,chile
chilien,silianina,chilean
chilienne,silianina,chilean
chine,sina,china
colombie,kolombia,colombia
colombien,kolombianina,colombian
colombienne,kolombianina,colombian
comorien,kaomorianina,comorian
comorienne,kaomorianina,comorian
corée,korea,korea
coréen,koreanina,korean
coréenne,koreanina,korean
cuba,kiobà,cuba
egypte,ejipta,egypt
égyptien,ejipsianina,egyptian
égyptienne,ejipsianina,egyptian
équateur,ekoatera,ecuador
équatorien,ekoatorianina,"ecuadoran,ecuadorian"
équatorienne,ekoatorianina,"ecuadoran,ecuadorian"
espagne,espaina,spain
espagnole,espaniola,spanish
espagnol,espaniola,spanish
états-unis,etazonia,united states
européen,eoropeanina,european
européenne,eoropeanina,european
europe,eorôpa,europe
finlandaise,finlandey,finnish
finlandais,finlandey,finnish
finlande,finlandy,finland
france,frantsa,france
grèce,gresy,greece
grec,grika,greek
grèque,grika,greek
guatémala,goatemalà,guatemala
guatémaltèque,goatemaltèka,guatemalan
haïtien,haitianina,haitian
haïtienne,haitianina,haitian
haïti,haiti,haiti
hollandaise,holandey,"dutchman,dutchwoman,dutch"
hollandais,holandey,"dutchman,dutchwoman,dutch"
hollande,holandy,"holland,netherland"
inde,inda,india
indonésie,indônezia,indonesia
israélien,israelianina,israeli
italie,italia,italy
italien,italianina,italian
italienne,italianina,italian
jamaïcaine,jamaikanina,jamaican
jamaïcain,jamaikanina,jamaican
jamaïquaine,jamaikanina,jamaican
jamaïquain,jamaikanina,jamaican
jamaïque,jamaika,jamaica
japonaise,japoney,japanese
japonais,japoney,japanese
japon,japana,japan
madagascar,"madagascar,madagasikara",madagascar
malagascar,malagasikara,"malagascar,malagaskar"
marocaine,maraokanina,morrocan
marocain,maraokanina,morrocan
maroc,maraoka,morocco
mexicaine,meksikanina,mexican
mexicain,meksikanina,mexican
mexique,meksika,mexico
musulman,arabo,"arab,moslem"
nicaragua,nikaragoà,nicaragua
norvège,norvezy,norway
norvégienne,norvezianina,norwegian
norvégien,norvezianina,norwegian
palestine,palestina,palestine
paraguay,paragoay,paraguay
pays-bas,holandy,"holland,netherland"
pérou,peroa,peru
péruvienne,perovianina,peruvian
péruvien,perovianina,peruvian
pologne,polonina,poland
polonaise,poloney,"pole,polish"
polonais,poloney,"pole,polish"
portoricaine,portorikanina,puerto rican
portoricain,portorikanina,puerto rican
porto rico,portorikò,puerto rico
portugal,portogaly,portugal
russe,"rosiana,rosianina",russian
russie,rosia,russia
sénégalais,soanagaly,senegalese
sicile,sisily,sicily
sicilienne,sisilianina,sicilian
sicilien,sisilianina,sicilian
somalienne,somalianina,somalian
somalien,somalianina,somalian
somalie,sômalia,somalia
suède,soeda,sweden
suisse,soisa,swiss
tunisienne,tonizianina,tunisian
tunisien,tonizianina,tunisian
tunisie,tonizia,tunisia
turc,tiorka,turk
turque,tiorka,turk
uruguay,orogoay,uruguay
vénézuela,venezoelà,venezuela
vénézuelienne,venezoelianina,venezuelan
vénézuelien,venezoelianina,venezuelan
yougoslave,iogoslavy,"yugoslavian,yugoslav"
yougoslavie,iogoslavia,yugoslavia
"géographie:rivières, lacs","haitoetany:renirano, farihy","geography:rivers, lakes"
inguéable,tsiribihina,unfordable
géographie:topographie,haitoetany:soridrefitany,geography:topography
géologie,haibolantany,geology
alluvion,tany dilatra,clay
amiante,"amianta,amianty,vatosiraka",asbestos
argile,"ditra,tanidìtra,tanimanga",clay
bois silicifié,"hazovato,vatoharana,vatohazo",petrified wood
cailloa arrondiu,vatokilonjy,pebble (a small round)
caillou,kilonjy,pebble
charbon de terre (un),arintany,coal
craie,tsaoka,chalk
creux (un),lempona,"concavity (a),hollow (a)"
doline,lempona,"concavity (a),hollow (a)"
galet,"kilonjy,vatokilonjy","pebble (a small round),pebble"
goudron,tara,tar
houille (une),arintany,coal
latérite,tany mena,laterite
latéritique (sol),tany mena,laterite
mica,eladrano,mica
pierre ponce,vatonakoho,"pumice stone,pumice"
pierre précieuse,vatosoa,precious stone
roche sédimentaire (une),"vato faika,vato sedimantera",sedimentary rock (a)
sable (du),fasika,sand
sablonneux,"fasehina,fasihina",sandy
stratifié,mandeha ambaratonga,stratified
terre glaise,tanimanga,clay
tuiles,tanimanga,clay
grammaire,fitsipi-pitenenana,grammar
histoire,tantara,history
hébreu,hebrio,hebrew
hindou (un),karàna,"indian (an),pakistanese (a)"
indien (un),karàna,"indian (an),pakistanese (a)"
pakistanais (un),karàna,"indian (an),pakistanese (a)"
"histoire:clans, tribus",tantara:firenena,"history:clans, tribes"
comorien,"ajojo,marovanjo",comorian
comorienne,"ajojo,marovanjo",comorian
zoulou,zoloa,zulu
histoire:(en général),tantara:(amin' ny ankapobeny),history:(in general)
histoire:faits,tantara:fisehoan-javatra,history:facts
histoire:lieux,tantara:toerana,history:places
histoire:personnages,tantara:olona,history:individuals
alexandre,aleksandra,alexander
industrie,taozava-baventy,industry
aimant (un),andriamby,"loadstone (a),magnet (a)"
damier,sikimbalobe,plaid
forgeron (un),tambỳ,smith (a)
limaille,taim-by,"scoria,slag"
lisse,haraka,heddle
minerai,tsora,ore
ressort,vy miaina,spring
scorie,taim-by,"scoria,slag"
spirale,vy miaina,spring
instrument,fitaovana,instrument
boussole,famantaranavaratra,compass
boussole (une),tondro avaratra,compass (a)
girouette,famantarandrivotra,weather-cock
horloge (une),famantaranandro,"clock (a),watch (a)"
montre (une),famantaranandro,"clock (a),watch (a)"
thermomètre,"fitsapan-kafanana,tondro fana",thermometer
jeu,kilalao,game
amusement (un),filalaovana,"amusement (an),play (a)"
as,baondy,ace
balançoire (une),antsavily,swing (a)
balle (une),baolina,ball (a)
ballon (un),"balaonina,baolina",ball (a)
bille (une),kanety,marble (a)
bonnet phrygien (un),fonombimena,hearts in playing cards
carte (une),karatra,card (a)
coeur dans les jeux de cartes (le),fonombimena,hearts in playing cards
coeur (un),samamena,heart (a)
dame (une),andriambavy,queen in cards (a)
danser (manière de),dadamanainga,dancing (mode of)
danse (une),dada,dance (a)
dés (des),kodiakely,dice (a)
dé (un),kodiakely,dice (a)
échec,eseka,chess
échecs malgache (jeu d'),fanorona,chess (malagasy)
escarpolette (une),antsavily,swing (a)
fermé (jeu de domino),banty,ended (domino game)
jeu (un),"filalaovana,katra","amusement (an),game (a),play (a)"
jonglerie,tanisa,"counting (game involving),jacks"
maisonnette,kitranotrano,toy house
poupée (une),"kijanajanaka,saribakoly",doll (a)
roi,andriandahy,king
toupie (une),tandrimo,top (a)
trapèze (un),antsavily,swing (a)
trèfle au jeu de cartes,"elatra,lalitra",club at cards
valet (un),ampamaky,jack in cards (a)
linguistique,haiteny,linguistics
accent aigu (un),tendro miraika havanana,acute accent (a)
accent circonflexe (un),tendro satroka,circumflex accent (a)
accent grave (un),tendro miraika havia,accent (a grave)
accolade (une),farango lava,curly brace (a)
actif (verbe),matoantenin' ny mpanao,"active verb,active voice,verb (active),voice (active)"
active (voix),matoantenin' ny mpanao,"active verb,active voice,verb (active),voice (active)"
adjectifs (des),mpamaritra,"adjective (an),adjectives"
adjectif (un),mpamaritra,"adjective (an),adjectives"
adverbe (un),tambinteny,adverb (an)
affixe (un),"tovana,tovona,tsirinteny,tsofoka","prefix (a),suffix (a)"
anagramme (un),fivaditsoratra,anagram (an)
antonyme (un),tohi-kevitra,antonym (an)
antonymie (une),fifanoheran-keviteny,antonymy (an)
apostrophe (une),faingomihantona,apostrophe (an)
cédille (une),rambokely,cedilla (a)
circonfixe (un),tsirinteny sara-droa,circumfix (a)
classe distributionnelle (une),sokajin-teny,"part of speech (a),parts of speech (the)"
commandement (un),teny,"language (a),speech (a),word (a)"
commission (une),teny,"language (a),speech (a),word (a)"
conjonction de coordination (une),mpampitohy,"conjunction (a),coordinating conjunction (a)"
conjonction (une),mpampitohy,"conjunction (a),coordinating conjunction (a)"
conjuguer,mitanisa,conjugate (to)
consonne écrite (une),renisoratra,"consonant (a),consonnant (a written),written consonnant (a)"
consonne prononcée,renifeo,"consonant (a),consonnant (a written),written consonnant (a)"
consonne (une),"renifeo,renisoratra","consonant (a),consonnant (a written),written consonnant (a)"
crochet droit (un),fononteny mahitsy,square bracket (a)
défense (une),teny,"language (a),speech (a),word (a)"
dénomination (une),anarana,name (a)
deux points,teboka roa,colon
dièse,diezy,"hash-tag (a),pound sign (a)"
discours (un),teny,"language (a),speech (a),word (a)"
écrite (une consonne),renisoratra,"consonant (a),consonnant (a written),written consonnant (a)"
engagement (un),volana,"speaking,speech (a)"
grammaire (une),fitsipi-pitenenana,grammar (a)
guillemet,faraingososona,quotation mark
hypéronyme (un),renianarana,hyperonym (an)
hyponyme (un),zanakanarana,hyponym (an)
langage (un),teny,"language (a),speech (a),word (a)"
language (un),fiteny,"language (a),speaking (way of)"
langue (une),"fiteny,teny","language (a),speaking (way of),speech (a),word (a)"
lettre (une),tarehin-tsoratra,letter (a)
locution (une),fitenenana,"expression (an),speaking (act of)"
marque (une),hirigirika,"mark (a),point (a)"
métathèse (une),"fivadi-tsingampeo,vadipeo",metathesis (a)
morphème discontinu (un),tsirinteny sara-droa,circumfix (a)
mot de liaison,mpampifandray,link-word
mot (un),teny,"language (a),speech (a),word (a)"
nom propre (un),anaran-tsamirery,name (a)
nom (un),anarana,name (a)
ordre (un),teny,"language (a),speech (a),word (a)"
orthographe,tsipelina,spelling
orthographe (une),fitsipipanoratana,spelling (a)
oxyton,teny mitsatoka,oxytone
parenthèse,braketra,"bracket,parenthesis"
parenthèse (une),"efi-teny,fononteny",parenthesis (a)
parler (action de),"fitenenana,volana","expression (an),speaking (act of),speaking,speech (a)"
parler (manière de),"fitenenana,fiteny","expression (an),language (a),speaking (act of),speaking (way of)"
parole (une),"teny,volana","language (a),speaking,speech (a),word (a)"
paroxyton,teny mingadona,paroxytone
partie du discours (une),sokajin-teny,"part of speech (a),parts of speech (the)"
parties du discours (les),sokajin-teny,"part of speech (a),parts of speech (the)"
passif (verbe),matoantenin' ny atao,"passive verb,passive voice,verb (passive),voice (passive)"
passive (voix),matoantenin' ny atao,"passive verb,passive voice,verb (passive),voice (passive)"
phonologie (une),"ava-peo,laha-peo",phonology (a)
point d'exclamation (un),tsoraka,point (an exclamation)
point d'interrogation (un),"baraingo,teboka manontany",question mark (a)
point final (un),teboka famaranana,"full stop (a),period (a)"
points de suspension (trois),"teboka telo mifampitohy,teboka telo","ellipsis (an),suspension points"
point (un),"hirigirika,teboka","mark (a),period (a),point (a)"
point-virgule (un),teboka aman-paingo,semicolon (a)
ponctuation,fijanonan-tsoratra,punctuation
ponctuation (un signe de),girigirika fijanonana,punctuation mark (a)
préfixe (un),tovona,prefix (a)
préposition,mpampiankina,preposition
prohibition (une),teny,"language (a),speech (a),word (a)"
promesse (une),volana,"speaking,speech (a)"
pronom (un),mpisolo,"pronoun (a),substitute (a)"
prononcée (une consonne),renifeo,"consonant (a),consonnant (a written),written consonnant (a)"
prononciation (qui ont la même),rahalahin-teny,"misapprehension (a),misconception (a)"
proparoxyton,teny mitsaikona,proparoxytone
proposition (une),"fehezankevitra,teny","language (a),speech (a),word (a)"
racine (une),fototeny,"etymology (an),root (a),theme (a)"
radical (un),fototeny,"etymology (an),root (a),theme (a)"
relatif (verbe),"matoantenin' ny famenony,matoantenin' ny fameno","relative verb,relative voice,verb (relative),voice (relative)"
relative (voix),matoantenin' ny fameno,"relative verb,relative voice,verb (relative),voice (relative)"
remplaçant (un),mpisolo,"pronoun (a),substitute (a)"
remplacé (celui qui est),mpisolo,"pronoun (a),substitute (a)"
remplace (celui qui),mpisolo,"pronoun (a),substitute (a)"
substitut (un),mpisolo,"pronoun (a),substitute (a)"
suffixe (un),tovana,suffix (a)
sujet grammatical (un),lazaina,subject (a)
syllabe (une),"vaki-teny,vaninteny",syllable (a)
synonyme (un),"teny mitovitovy dika,teny mitovitovy hevitra,teny mitovy hevitra",synonym (a)
terme de liaison,mpampifandray,link-word
trait d'union (un),tsipipanohizana,hyphen (an)
tréma (un),tendro kambana,"diaeresis (a),dieresis (a)"
verbe actif,matoantenin' ny mpanao,"active verb,active voice,verb (active),voice (active)"
verbe passif,matoantenin' ny atao,"passive verb,passive voice,verb (passive),voice (passive)"
verbe relatif,"matoantenin' ny famenony,matoantenin' ny fameno","relative verb,relative voice,verb (relative),voice (relative)"
verbe (un),matoanteny,verb (a)
virgule (une),faingo,comma (a)
voix active,matoantenin' ny mpanao,"active verb,active voice,verb (active),voice (active)"
voix passive,matoantenin' ny atao,"passive verb,passive voice,verb (passive),voice (passive)"
voix relative,matoantenin' ny fameno,"relative verb,relative voice,verb (relative),voice (relative)"
voyelle écrite,zanatsoratra,"vowel (a),voyel (a written),written voyel (a)"
voyelle prononcée,zanapeo,"voiced voyel (a),voyel (a voiced),voyel (a)"
voyelle (une),"zanapeo,zanatsoratra","voiced voyel (a),vowel (a),voyel (a voiced),voyel (a written),voyel (a),written voyel (a)"
littérature,haisoratra,literature
littérature:auteurs,haisoratra:mpanoratra,literature:authors
littérature:discours,haisoratra:kabary,literature:speeches
discours d' andrianampoinimerina,kabary nataon' andrianampoinimerina,speeches by andrianampoinimerina
discours de ilehimijila,kabary nataon' ilehimijila,speeches of ilehimijila
discours de rabemila,kabary nataon-drabemila,speeches of rabemila
discours de radama i,kabary nataon-dradama i,speeches of radama i
discours de radama ii,kabary nataon-dradama ii,speeches of radama ii
discours de rainiketaka,kabary nataon-drainiketaka,speeches of rainiketaka
discours de rainilaiarivony,kabary nataon-drainilaiarivony,speeches of rainilaiarivony
discours de rainitsimindrana,kabary nataon-drainitsimindrana,speeches of rainitsimindrana
discours de rainitsiroba,kabary nataon-drainitsiroba,speeches of rainitsiroba
discours de ralambomavitrika,kabary nataon-dralambomavitrika,speeches of ralambomavitrika
discours de ramahazaka,kabary nataon-dramahazaka,speeches of ramahazaka
discours de ranavalona i,kabary nataon-dranavalona i,speeches of ranavalona i
discours de ranavalona ii,kabary nataon-dranavalona ii,speeches of ranavalona ii
discours de rasoherina,kabary nataon-drasoherina,speeches of rasoherina
discours de ravalomanana marc,kabary nataon-dravalomanana marc,speeches of ravalomanana marc
littérature:(en général),haisoratra:(amin' ny ankapobeny),literature:(in general)
chercher ce qui est perdu,mitady ny very,find what is lost (to)
conte,"arira,hagà,tangahatry","fable,fiction,figment,legend,tale"
conte (un),"angano,tantara","fable (a),story (a),tale (a)"
discours (un),"hainteny,kabary","adage (an),discourse (a),palaver (a),proclamation (a),proverb (a),repartee (a),speech (a),wisdom (a)"
écrit (un discours),lahatsoratra,"manuscript (a),written discourse (a)"
enjolivements (des),angano,"fable (a),story (a),tale (a)"
expression figurée (une),hainteny,"adage (an),discourse (a),proverb (a),repartee (a),wisdom (a)"
extraordinaire (une chose),angano,"fable (a),story (a),tale (a)"
fable (une),angano,"fable (a),story (a),tale (a)"
farce (une),angano,"fable (a),story (a),tale (a)"
histoire,arira,"fable,legend"
histoire (une),tantara,"story (a),tale (a)"
historiette (une),angano,"fable (a),story (a),tale (a)"
littérature (une),haisoratra,prose (a)
manuscrit (un),lahatsoratra,"manuscript (a),written discourse (a)"
palabre (un),kabary,"discourse (a),palaver (a),proclamation (a),speech (a)"
pièce de théâtre (une),teatira,play (theater)
poème (un),tononkalo,poem (a)
prose (une),haisoratra,prose (a)
proverbe (un),"hainteny,ohabolana","adage (an),discourse (a),proverb (a),repartee (a),saying (a),wisdom (a)"
rime (une),rima,rhyme (a)
savoir-parler (un),hainteny,"adage (an),discourse (a),proverb (a),repartee (a),wisdom (a)"
sornettes,hagà,"fable,fiction,figment,tale"
superfétation (une),angano,"fable (a),story (a),tale (a)"
texte (un),lahatsoratra,"manuscript (a),written discourse (a)"
vers (un),adl,verse (a)
littérature:histoire courte,haisoratra:tantara fohy,literature:short story
littérature:livres,haisoratra:boky,literature:books
littérature:pièces,haisoratra:teatira,literature:plays
littérature:poèmes,haisoratra:tononkalo,literature:poems
loi,lalàna,law
accusation (sur qui pèse une),manan-teny,censure (being under)
accusation (une),ampanga,"accusation (an),accuser (an)"
agent,polisy,"constable,police"
aiguille de fléau (une),fitsarana,"court of law (a),judgement (a seat of),judgement (a),judgment (a)"
amnistie (une),famotsoran-keloka,amnisty (an)
bande,tontakely,"gang,thief"
brigandage en bande,jirika,band of robbers (a)
brigand,tontakely,"gang,thief"
carte grise,kara-piara,vehicle registration
chambre (une),rantsam-pitsarana,court (a)
condamnation avec sursis (une),sazy mihantona,sentence (a suspended)
condamnation (une),heloka,"condemnation (a),crime (a),guilt (a),injury (an),offence (an),perversity (a),sin (a)"
condamné,voaheloka,condemned
cour constitutionnelle,fitsarana avo momba ny lalampanorenana,court (high constitutional)
cour suprême (la),fitsarana tampony,court (the supreme)
court d' appel,fitsarana ambony,court of appeal
culpabilité (une),heloka,"condemnation (a),crime (a),guilt (a),injury (an),offence (an),perversity (a),sin (a)"
droit civiques (les),zo,civil rights
droit (le),zo,civil rights
droits de l'homme (les),zon' olombelona,human rights (the)
effraction (vol avec),tamy trano,burglary (a)
faute (une),heloka,"condemnation (a),crime (a),guilt (a),injury (an),offence (an),perversity (a),sin (a)"
fraude,sandoka,fraud
inspecteur,inspektera,inspector
jugement (un),fitsarana,"court of law (a),judgement (a seat of),judgement (a),judgment (a)"
larron,tontakely,"gang,thief"
ministre,minisitra,minister
nationalité (une),zom-pirenena,nationality (a)
pillards (une bande de),jirika,band of robbers (a)
police,polisy,"constable,police"
prévention (qui est sous),manan-teny,censure (being under)
prise d'otage (une),bohiry,kidnapping (a)
source is dominique ramarlah,bohiry,kidnapping (a)
testament (un),didim-pananana,testament (last will and)
tribunal (un),"fitsarana,rantsam-pitsarana","court (a),court of law (a),judgement (a seat of),judgement (a),judgment (a)"
vol avec effraction,tamy trano,burglary (a)
"maisons d'édition, journaux","mpanonta printy, gazety","publishers, newspapers"
mathématiques,matematika,mathematics
boucle (une),tondro mifolaka,loop (a)
mathématiques:algèbre,matematika:alijebra,mathematics:algebra
abscisse (une),fangitra voalohany,abscissa (an)
aljèbre,aljebra,aljebra
discriminant,mpanasaraka,discriminant
fonction (une),lefa,function (a)
réciproque,mpifampivoho,reciprocal
trinôme du second degré,telo miantoana ambaratonga faharoa,quadratic trinomial
trinôme,telomiantoana,trinomial
mathématiques:arithmétique,matematika:rafitrisa,mathematics:arithmetic
addition (une),adisanina,addition (an)
cardinal (un),isa,number (a)
centième,fahazato,"hundredth,percent"
centième (un),ampahazato,"hundredth (a),percent (a)"
cent mille,hetsy,hundred thousand (a)
cent un,"iraika amby zato,iray venty amby zato",hundred and one (a)
chacun,isa,"each,every,one"
cinq,dimy,five
cinquante,dimampolo,fifty
cinquième,fahadimy,fifth
cinquième (un),ampahadimy,fifth (one)
compter,manisa,count (to)
demi (la),ampaharoa,half
deux cent,roanjato,two hundred
deux,roa,two
division (une),mizara,division (a)
dix,folo,ten
dix-huit,valo ambin' ny folo,eighteen
dix-huitième,"fahavaloambinifolo,fahavalo amby ny folo","eighteenthly,eighteenth place (in the),eighteenth"
dix-huitièmement,fahavalo amby ny folo,"eighteenthly,eighteenth place (in the),eighteenth"
dix-huitième (un),ampahavalo amby ny folony,eighteenth (a)
dixième,fahafolo,tenth
dixième (un),ampahafolo,tenth (a)
dix mille,alina,ten thousand
dix-neuf,sivy ambin' ny folo,nineteen
dix-neuvième,fahasivy amby ny folo,"nineteenthly,nineteenth place (in the),nineteenth"
dix-neuvièmement,fahasivy amby ny folo,"nineteenthly,nineteenth place (in the),nineteenth"
dix-neuvième (un),ampahasivy amby ny folony,nineteenth (a)
dix-sept,fito ambin' ny folo,seventeen
dix-septième,"fahafitoambinifolo,fahafito amby ny folo","seventeenthly,seventeenth place (in the),seventeenth"
dix-septièmement,fahafito amby ny folo,"seventeenthly,seventeenth place (in the),seventeenth"
dix-septième (un),ampahafito amby ny folony,seventeenth (a)
douze,"roa ambin' ny folo,roambinifolo",twelve
douzième,faharoa amby ny folo,"twelfthly,twelfth place (in the),twelfth"
douzièmement,faharoa amby ny folo,"twelfthly,twelfth place (in the),twelfth"
douzième (un),ampaharoa amby ny folony,twelfth (a)
énumérer,manisa,count (to)
huitante,valopolo,eighty
huit,valo,eight
huitième (un),ampahavalo,eighth (an)
impair,tsiankasa,odd
infini,tsiefa,innumerable
innombrable,tsiefa,innumerable
logarithme (un),anaîsa,logarithm (a)
mille,arivo,thousand (a)
milliard (un),lavitrisa,billion (a)
millier (un),arivo,thousand (a)
million (un),tapitrisa,million (a)
moitié (la),ampaharoa,half
neuf,sivy,nine
neuvième (un),ampahasivy,ninth (a)
nombre (un),isa,number (a)
nonante,sivifolo,ninety
numéro (un),isa,number (a)
octante,valopolo,eighty
onze,iraika ambin' ny folo,eleven
pair,ankasa,even
pourcentage (un),"ampahazato,isan-jato","hundredth (a),percent (a)"
quarante fois,inefapolo,forty times
quarante,efapolo,forty
quartier (un),ampahefatra,fourth (a)
quart (un),ampahefatra,fourth (a)
quatorze,efatra ambin' ny folo,fourteen
quatorzièmement,fahefatra amby ny folo,"fourteenthly,fourteenth place (in the),fourteenth"
quatorzième,"fahefatra amby ny folo,fahefatrambinifolo","fourteenthly,fourteenth place (in the),fourteenth"
quatorzième (un),ampahefatra amby ny folony,fourteenth (a)
quatre fois,inefatra,four times
quatre,efatra,four
quatre-vingt-dix,sivifolo,ninety
quatre-vingt,valopolo,eighty
quinze,dimy ambin' ny folo,fifteen
quinzièmement,fahadimy amby ny folo,"fifteenthly,fifteenth place (in the),fifteenth"
quinzième,fahadimy amby ny folo,"fifteenthly,fifteenth place (in the),fifteenth"
quinzième (un),ampahadimy amby ny folony,fifteenth (a)
seize,"enina ambinifolo,enina ambin' ny folo",sixteen
seizièmement,fahenina amby ny folo,"sixteenthly,sixteenth place (in the),sixteenth"
seizième,"fahenina amby ny folo,faheninambinifolo","sixteenthly,sixteenth place (in the),sixteenth"
seizième (un),ampahenina amby ny folony,sixteenth (a)
septante,fitopolo,seventy
septième,fahafito,seventh
septième (un),ampahafito,seventh (a)
sept,fito,seven
signe moins (un),famantarana miiba,minus sign (a)
signe plus (un),famantarana miabo,plus sign (a)
six fois,inenina,six times
sixième (un),ampahenina,sixth (a)
six,enina,six
soixante-dix,fitopolo,seventy
soixante,"enimpolo,tsiotampolo",sixty
somme (une),vokatra ny fanampiana,sum (a)
soustraction (une),"fanalana,manala",subtraction (a)
tiers (deux),androatokony,thirds (two)
tiers (un),ampahatelo,third (a)
treize,telo ambin' ny folo,thirteen
treizièmement,fahatelo amby ny folo,"thirteenthly,thirteenth place (in the),thirteenth"
treizième,fahatelo amby ny folo,"thirteenthly,thirteenth place (in the),thirteenth"
treizième (un),ampahatelo amby ny folony,thirteenth (a)
trente,telopolo,thirty
trois,telo,three
un,isa,"each,every,one"
vingt,roapolo,twenty
zéro,aotra,zero
mathématiques:(en général),mathematika:(amin' ny ankapobeny),mathematics:(in general)
géométrie,jeometria,geometry
mathématiques:géométrie,matematika:rafitsary,mathematics:geometry
carré,"efa-joro,efamira","square (a),square"
carré (un),efa-joro,"square (a),square"
centre d'un cercle (le),ivomparibolana,center of a circle (the)
cercle,faribolana,"circle,circuit,circumference"
demi-cercle (un),volan-tsinana,half-circle (a)
diamètre (un),savaivo,diameter (a)
diviser un segment,mizara kantsana,divide a segment (to)
échelle (une),maridrefy,scale (a)
ellipse,"elipsa,salavalava",ellipse
géométrie (une),rafitsary,geometry (a)
hypoténuse (une),lejo,hypotenuse (an)
largeur,halalaka,width
orthogonale,mifampijadona,quadrature (in)
orthogonal,mifampijadona,quadrature (in)
orthogonaux,mifampijadona,quadrature (in)
plan (un),lemaka,plane (a)
point (un),teboka,point (a)
quadrangulaire,efa-joro,"square (a),square"
quadrature (en),mifampijadona,quadrature (in)
rectangulaire,efa-joro,"square (a),square"
tangente,kasika,tangent
triangle (un),"telolafy,telo zoro","triangle (a),triangular"
triangulaire,telo zoro,"triangle (a),triangular"
mathématiques:statistiques,matematika:antontan'isa,mathematics:statistics
pondéré,voalanja,"carried,weighed"
mécanique,mekanika,mechanics
boulon,boloa,bolt
douille,varombo,socket
socle,varombo,socket
météorologie,haitoetrandro,meteorology
air (l'),rivotra,"air (the),wind (the)"
arc-en-ciel (un),"antsiben' andriamanitra,avana",rainbow (a)
averse (une),vatravatra,"downpour (a),shower (a)"
basse pression,tsindry misanda ambany,low pressure
brise (la),rivotra,"air (the),wind (the)"
brouillard (un),zavona,"fog (a),mist (a)"
bruineux,merika,drizzly
brume (une),zavona,"fog (a),mist (a)"
coup,poa-baratra,thunderclap
crachin (un),erika,"drizzle (a),rain (a)"
cyclone,"añibe,siklaonina",willy-willy
cyclone (un),"rivo-doza,tafio-drivotra","hurricane (a),wind (a)"
éclair (un),tselatra,"flash (a),flash of lightning (a)"
éclat (un),avana,rainbow (a)
étincellement (un),tselatra,"flash (a),flash of lightning (a)"
foudre,"fotaka,varatra","lightning,thunderbolt,thunder"
grêler,manavandra,"hail (to),haily"
grêle (une),havandra,hail (a)
haute pression,tsindry misanda ambony,high pressure
hurricane,siklaonina,willy-willy
lumière (une),avana,rainbow (a)
marée haute (une),samonta,tide (a high)
marée,famonta,tide
nimbe (un),avana,rainbow (a)
nuage (un),rahona,cloud (a)
paroles en l'air (des),tandrifin-drahona,rain
pluie (al),ranonorana,rain (the)
pluie légère (une),tandrifin-drahona,rain
pluie,"mahaleña,orana",rain
pluie (une),"erikandro,erika","drizzle (a),rain (a)"
pluvieux,merika,drizzly
splendeur (une),avana,rainbow (a)
tonnerre,"godombaratry,poa-baratra,varatra","thunderbolt,thunderclap,thunder"
tonnerre (un),kotroka,thunder (a)
tourbillon (un),tadio,"whirlwind (a),wind (a)"
trombe,"rambondanitra,rivo-mahery","funnel,tornado,waterspout"
typhon,siklaonina,willy-willy
vent (le),rivotra,"air (the),wind (the)"
vent (un),"alapoie,ambarao,ampalo,añina,añindambo,añintafara,fandohotse,radraty,raorao,rea","breeze (a),wind (a)"
vent (un),"sobe,tadio,tafio-drivotra,tafiotra,tsitoly,varatraza,variona","hurricane (a),whirlwind (a),wind (a)"
vent,"ampela,añimbaratra,añinantimo,añindrano,añy,tsioko,varatrazy",wind
militaire,miaramila,military
appareil (un),fitaovana,"arms,equipment (an),instrument (an),supplies,weapon (a)"
armée (une),tafika,"army (an),war party (a)"
armes (des),fitaovana,"arms,equipment (an),instrument (an),supplies,weapon (a)"
artilleur,rainiolona,artilleryman
baguette de fusil (une),fihitso-basy,ramrod (a)
baïonnette,bazanety,bayonet
baïonnette,benitra,bayonet
balle (une),bala,"ball (a),bullet (a),cartridge (a)"
bombe,bomba,"bomb (a),shell (a)"
bombe (une),baomba,bomb (a)
boulet (un),bala,"ball (a),bullet (a),cartridge (a)"
canon (un),tafondro,cannon (a)
capitaine,kapiteny,captain
caporal,kaporaly,corporal
cartouche (une),bala,"ball (a),bullet (a),cartridge (a)"
chien de fusil,feny,hammer of a gun
clairon,kilerao,bugle
colonel,kolonely,colonel
commandant,komandà,major
crosse d'un fusil (la),hazom-basy,"musket stock (a),rifle stock (a)"
détente,fihatsiny,trigger
détente (une),fihatsim-basy,trigger (a)
envahir un pays,manafika,"attack (to),invade (to)"
expédition guerrière (une),tafika,"army (an),war party (a)"
fusil (un),"ampigantra,ampingaharatra,ampingaratra,basy","flintlock gun (a),fowling-piece (a),gun (a),musket (a),rifle (a)"
garde-à-vous,jery atrika,attention
général,jeneraly,general
grade,grady,grade
grenade,"angaranady,grenady",grenade
guerre la guerre,manafika,"attack (to),invade (to)"
guerroyer,manafika,"attack (to),invade (to)"
instrument (un),fitaovana,"arms,equipment (an),instrument (an),supplies,weapon (a)"
jeep (une),jipy,jeep (a)
lieutenant,lietnà,lieutenant
matériel (un),fitaovana,"arms,equipment (an),instrument (an),supplies,weapon (a)"
obus (un),bala,"ball (a),bullet (a),cartridge (a)"
priver d'eau,mamahirano,besiege (to)
sabre,sabatra,sword
sergent (un),telo voninahitra,sargent (a)
shako (un),avotrafo,shako (a)
siège (un),fahirano,siege (a)
silex (un),ampingaharatra,"flintlock gun (a),gun (a)"
soldat (un),"ambasy,miaramila",soldier (a)
mouvement,hetsika,motion
agitation,hofokofoka,restlessness
agiter,manofokofoka,"agitate (to),move (to)"
allée et venue,voivoy,rambling
aller lentement,mihisatra,move slowly (to)
déplacement,findra,change of place (a)
déplacer,mamindra,"move (to),remove (to),step (to),transcribe (to),transfer (to),transplant (to),walk (to)"
élancer (s'),mikaretsaka,"move rapidly (to),pass rapidly (to)"
enchevêtrer (s'),mifanaritaka,"disorder (to be in),move in many directions (to)"
entrecroiser (s'),mifanaritaka,"disorder (to be in),move in many directions (to)"
entremêler (s'),mifanaritaka,"disorder (to be in),move in many directions (to)"
marcher,mamindra,"move (to),remove (to),step (to),transcribe (to),transfer (to),transplant (to),walk (to)"
passer rapidement,mikaretsaka,"move rapidly (to),pass rapidly (to)"
place (a changement de),findra,change of place (a)
pousser de côté,manilika,"move further off (to),push away (to)"
pousser plus loin,manilika,"move further off (to),push away (to)"
repiquage (un),findra,change of place (a)
secouer,manofokofoka,"agitate (to),move (to)"
secousse,hofokofoka,restlessness
transplantation (une),findra,change of place (a)
musique,feon-kira,music
musique:(en général),feon-kira:(amin' ny ankapobeny),music:(in general)
basse,beso,bass
blanche,fotsy zanany,"half note,minim"
chanson (une),"antsa,kalo","chant (a),chanting (a),singing (a),song (a)"
chant,hira,"music,play,song"
chanter avec un instrument,manara-bava,sing with an instrument (to)
chant (un),antsa,"chanting (a),singing (a)"
chorale (une),amboarampeo,choir (a)
complainte (une),kalo,"chant (a),song (a)"
concert,konseritra,concert
cordes hautes,andahiny,"bass end,treble chord"
croisé,zafindraony,crossbreed
jeu,hira,"music,play,song"
mélodie,tiona,melody
mesure en musique,ba,"bar,measure in music,time in music"
musique,"hira,mozika","band,music,orchestra,play,song"
musique (une),feon-kira,music (a)
noire,mainty,"crotchet,quarter note"
orchestre,mozika,"band,music,orchestra"
ronde,fotsy reniny,"semibreve,whole note"
ton (un),pitsiny,pitch (a)
voix haute,andahiny,"bass end,treble chord"
musique:instruments,feon-kira:zavamaneno,music:instruments
clairon,"bingona,kilerao",bugle
cloche,lakolosy,bell
cor (un),"anjombona,antsiva",bugle (a)
diapason (un),"diapazona,pitsofaoro",tuning fork (a)
flute,filiotra,flute
flûte (une),sodina,flute (a)
guitare,lokangam-bazaha,"fiddle,violin"
guitare (sorte de),"jejilava,jejy",guitar (kind of)
hautbois (un),anjomara,bugle (a)
instrument de musique (un),zavamaneno,musical instrument (a)
luth (un),valiha,lute (a)
orgue,orgàna,organ
piano (8n),valihavata,piano (a)
tambour (un),"amponga,bingy,hazolahy,langoroany,langorony,tary","drum (a side),drum (a)"
tam-tam (un),"amponga,hazolahy",drum (a)
violon (un),lokanga,violin (a)
violon,lokangam-bazaha,"fiddle,violin"
navigation,fifamoivoizan-tsambo,navigation
aborder (action d'),antsona,grounded
aéroport (un),fitodiana,"airport (an),harbor (a)"
ancre,"andrisa,nanga,vatofantsika",anchor
arrêté près de la côte,antsona,grounded
arrêter au bord de l'eau (action d'),antsona,grounded
bâbord,ampiveza,port
balancier de pirogue (un),fanary,outrigger of canoe (an)
barre (une),familian-tsambo,"helm (a),tiller (a)"
bateau,sambo,"boat,ship"
bateau (un),"batô,lakana","boat (a small),boat (a),canoe (a),dugout canoe (a)"
boutre,botry,"boat,schooner"
cale de navire,lakaly,hold of a ship
canot de sauvetage,lakan' aina,lifeboat
débarcadère (un),fiantsonana,"harbour (a),landing place (a),port (a),seaport (a)"
goélette,botry,"boat,schooner"
havre (un),fitodiana,"airport (an),harbor (a)"
matelot (un),"baharia,baria",sailor (a)
mât,"dalazy,falazana,salaza",mast
mât (un),salazana,mast (a)
navire,sambo,"boat,ship"
pirogue (une),lakana,"boat (a),canoe (a),dugout canoe (a)"
port (un),"fiantsonana,fitodiana","airport (an),harbor (a),harbour (a),landing place (a),port (a),seaport (a)"
quai (un),fiantsonana,"harbour (a),landing place (a),port (a),seaport (a)"
radeau (un),zahatra,raft (a)
tente (une),lay,"sail (a),tent (a)"
tribord,antehe,starboard
vaisseau,sambo,"boat,ship"
voile (une),lay,"sail (a),tent (a)"
organisations,fikambanana,organizations
croix rouge,vokovoko mena,red cross
organisation des nations unies,firenena mikambana,united nations
outils,fitaovam-piasana,tools
aiguillon (un),fanoitra,"crow-bar (a),handspike (a),lever (a)"
balance (une),mizana,scale (a)
bêche,angady,spade
bêche (une),fangady,spade (a)
bédane,fandradahy,chisel
bélier,kanonta,"pile-driver,sledgehammer"
bistouri (un),antsimpanafody,knife (surgical)
burin (un),fandraka,chisel (a)
canif,"antsipika,antsy","knife,pocket knife"
ciseau,fandrabavy,chisel
ciseau (un),fandraka,chisel (a)
ciseaux,"hety,makasy",scissors
couteau,antsy,knife
cuillère,sotrokely,teaspoon
enclume (une),riandriana,anvil (an)
facteur stimulant (un),fanoitra,"crow-bar (a),handspike (a),lever (a)"
faucille (une),antsimbary,sickle (a)
fendre (ce qu'on peut),famaky,"axe (an),cleaver (a),hatchet (a)"
fendre (manière de),famaky,"axe (an),cleaver (a),hatchet (a)"
fileti,harato,fishnet
frapper (instrument pour),fively,"hammer (a),mallet (a)"
gâchette (une),fanoitra,"crow-bar (a),handspike (a),lever (a)"
grillage,harato,fishnet
grille,harato,fishnet
hache (une),famaky,"axe (an),cleaver (a),hatchet (a)"
hache (une petite),kalaza,"axe (an),billhook (an"
hameçon,fintana,fishhook
instrument (un),"fiasana,fitaovana","arms,equipment (an),instrument (an),supplies,tool (a),weapon (a)"
juge (un),mizana,scale (a)
lancette (une),antsimpanafody,knife (surgical)
levier (un),fanoitra,"crow-bar (a),handspike (a),lever (a)"
louche (une),sotrobe,ladle (a)
magistrat (un),mizana,scale (a)
maillet (un),"fively,tantanan-kazo","hammer (a),mallet (a)"
marteau,"famepika,famipehana,marito,marotoa",hammer
marteau (un),"fively,tantanana","hammer (a),mallet (a)"
masse,kanonta,"pile-driver,sledgehammer"
nasse,lombo,fish-trap
nasse (une),"tandroho,vovo","basket (a),fish-trap (a)"
niveau,levina,level
outil (un),fiasana,"instrument (an),tool (a)"
panier (un),tandroho,basket (a)
pilon,fanoto,"crow-bar,pestle,rammer"
pilon (un),alo,pestle (a)
poinçon,homamanta,punch
rabot,"raboha,vankona",plane
rasoir,"hareza,mangoro",razor
rasoir (un),antsifiharatra,"knife (a),razor (a)"
réseau,harato,fishnet
serpe (une),"antsy bila lava,antsy lava,bory",billhook (a)
soulève (ce qu'on),fanoitra,"crow-bar (a),handspike (a),lever (a)"
soulever (action de),fanoitra,"crow-bar (a),handspike (a),lever (a)"
treillis,harato,fishnet
trusquin,torosy,gauge
vrille,"homamanta,lamisikely",punch
paléontologie,haiharingarinifahagola,paleontology
hippopotame (un),lalomena,hippopotamus (an)
personnes,olona,persons
philosophie,filôzôfia,philosophy
âme,fanahy,"attitude,mind,soul,spirit,temperament"
apaiser,mampitony,"calm (to),pacify (to),quiet (to)"
attitude,fanahy,"attitude,mind,soul,spirit,temperament"
blâme,soketa,censure
blâme (un),fondro,"blame (a),censure (a),fault (a),reproach (a)"
blâme (un),"adidy,tsiny","blame (a),censure (a),fault (a),reproach (a),responsibility (a)"
bon sens (un),hevitra,"idea (thinking an),thought (a)"
calculer peu à près (action de),vinany,"conjecture,guess,prediction"
calmer,mampitony,"calm (to),pacify (to),quiet (to)"
cause,antony,"cause,design,object,origin,superintendent"
censure,soketa,censure
censure (une),"adidy,fondro,tsiny","blame (a),censure (a),fault (a),reproach (a),responsibility (a)"
complément (un),hevitra,"idea (thinking an),thought (a)"
conjecture,vinany,"conjecture,guess,prediction"
conscience,"eretseretse,eritreritra","cognition (a),meditation (a),thought (a),thoughts"
conscience (une),"ahy,fahatsiarovan-tena","anxiety (an),attention (an),care (a),inquietude (an),solicitude (a)"
conseil (un),hevitra,"idea (thinking an),thought (a)"
consultation,dinika,"conversation,examination,rumination,secret"
culpabilité (une),tsiny,"blame (a),fault (a),reproach (a)"
défaut (un),tsiny,"blame (a),fault (a),reproach (a)"
devoir (un),adidy,"blame (a),censure (a),responsibility (a)"
divination,vinany,"conjecture,guess,prediction"
doute (être dans le),misalasala,"doubt (to be in),hesitate (to)"
douter,miroahana,"doubt (to),hesitate (to)"
efficacité (une),hasina,"power (a),sanctity (a),virtue (a)"
esprit,"eretseretse,fanahy,saina","attitude,intellect,mind,soul,spirit,temperament"
estimer peu à près (action de),vinany,"conjecture,guess,prediction"
examen,dinika,"conversation,examination,rumination,secret"
existence,fisiana,existence
expédient (un),hevitra,"idea (thinking an),thought (a)"
faute (une),tsiny,"blame (a),fault (a),reproach (a)"
fin,antony,"cause,design,object,origin,superintendent"
force (une),hasina,"power (a),sanctity (a),virtue (a)"
grâce (une),hasina,"power (a),sanctity (a),virtue (a)"
hésiter,"miroahana,misalasala","doubt (to be in),doubt (to),hesitate (to)"
idée (une),hevitra,"idea (thinking an),thought (a)"
inquiétude (une),ahy,"anxiety (an),attention (an),care (a),inquietude (an),solicitude (a)"
intelligence,"eretseretse,fahazavan-tsaina,haranitan-tsaina,harani-tsaina,hatsilo,saina","intellect,intelligence,mind"
intelligence (une),hevitra,"idea (thinking an),thought (a)"
jugement (un),hevitra,"idea (thinking an),thought (a)"
logique,lôjika,logic
méditation,"eretseretse,eritra,eritreritra","cognition (a),meditation (a),thought (a),thoughts"
motif,antony,"cause,design,object,origin,superintendent"
motif (un),hevitra,"idea (thinking an),thought (a)"
mythe (un),hevi-dravina,myth (a)
opinion (une),hevitra,"idea (thinking an),thought (a)"
pensée,"eretseretse,eritreritra,fisainana","cognition (a),meditation (a),reflection (a),thinking (a),thought (a),thoughts"
pensée (une),hevitra,"idea (thinking an),thought (a)"
philosophie (une),filôzôfia,philosophy (a)
prédiction,vinany,"conjecture,guess,prediction"
prix (un),hevitra,"idea (thinking an),thought (a)"
projet (un),hevitra,"idea (thinking an),thought (a)"
prophétie,vinany,"conjecture,guess,prediction"
proportion (une),hevitra,"idea (thinking an),thought (a)"
puissance (une),hasina,"power (a),sanctity (a),virtue (a)"
raison,antony,"cause,design,object,origin,superintendent"
raison (une),hevitra,"idea (thinking an),thought (a)"
rapport (un),hevitra,"idea (thinking an),thought (a)"
récompense (une),hevitra,"idea (thinking an),thought (a)"
réflexion,"eretseretse,eritra,eritreritra,fisainana,hevitrevitra,menimeny","cognition (a),meditation (a),reflection (a),thinking (a),thought (a),thoughts"
responsabilité (une),adidy,"blame (a),censure (a),responsibility (a)"
rêverie (une),hevi-dravina,myth (a)
ruse (une),hevitra,"idea (thinking an),thought (a)"
sainteté (une),hasina,"power (a),sanctity (a),virtue (a)"
sens,hevitra,"idea (thinking an),thought (a)"
sentiment (un),hevitra,"idea (thinking an),thought (a)"
signification (une),hevitra,"idea (thinking an),thought (a)"
soupçon (un),ahy,"anxiety (an),attention (an),care (a),inquietude (an),solicitude (a)"
tempérament,fanahy,"attitude,mind,soul,spirit,temperament"
utopie (une),hevi-dravina,myth (a)
valeur (une),hevitra,"idea (thinking an),thought (a)"
vertu (une),hasina,"power (a),sanctity (a),virtue (a)"
physique,fizìka,physics
centre de masse (le),ivondanja,center of mass (the)
champ magnétique (un),sahan' andriamby,magnetic field (a)
charge (une),vesatra,"heaviness (a),weight (a)"
électrifier,mizara angovon' aratra,electrify (to)
gravité (une),vesatra,"heaviness (a),weight (a)"
haut parleur,famoaham-peo,loudspeaker
irradiation (une),taratra,"beam of light (a),reflection (a)"
isotope (un),atôma miratoerana,isotope (an)
kilogramme,kilôgrama,kilogram
kilomètre,kilômetatra,kilometer
lourdeur d'esprit (une),vesatra,"heaviness (a),weight (a)"
lourdeur (une),vesatra,"heaviness (a),weight (a)"
lumière réfléchie (une),taratra,"beam of light (a),reflection (a)"
noyau de l'atome (le),ôvana,nucleus of the atom (the)
pesanteur (une),vesatra,"heaviness (a),weight (a)"
poids (un),vesatra,"heaviness (a),weight (a)"
radiation ultraviolette (une),taratra ankoatra ny volomparasy,ultraviolet radiation (an)
radiation (une),taratra,"beam of light (a),reflection (a)"
rayon de lumière (un),taratra,"beam of light (a),reflection (a)"
reflet (un),taratra,"beam of light (a),reflection (a)"
satellite (un),zanabolana,satellite (a)
ultraviolet,ankoatra ny volomparasy,ultraviolet
uniforme,"tokantantana,tsimiovatantana",uniform
poésie,tononkalo,poetry
politique,pôlitika,politique
administration (une),fanjakana,"administration (an),dignity (a),government (a),honor (an),kingdom (a),privilege (a)"
apartheid,fanavakavaham-bolon-koditra,racial discrimination by skin color
autonomie,fizakan-tena,autonomy
caste (une),firenena,"clan (a),nation (a),people (a),race (a),tribe (a)"
citoyen (un),vahoaka,"citizen (a),people (a)"
communisme,komonisma,communism
démocratie,demôkrasia,democracy
député (un),solombavambahoaka,deputy (a)
discrimination raciale,fanavakavaham-bolon-koditra,racial discrimination by skin color
distric,distrika,distric
district,fileovana,"district,prefecture"
état (un),fanjakana,"administration (an),dignity (a),government (a),honor (an),kingdom (a),privilege (a)"
famille (une),firenena,"clan (a),nation (a),people (a),race (a),tribe (a)"
gouvernement,governemanta,government
gouvernement (un),fanjakana,"administration (an),dignity (a),government (a),honor (an),kingdom (a),privilege (a)"
gouverneur,"governora,komandy",governor
grève,grevy,strike
majorité,antsasa-manila,majority
ministère,ministera,ministry
nation (une),firenena,"clan (a),nation (a),people (a),race (a),tribe (a)"
noblesse (une),andriana,"king (a),nobility (a),noble (a),nobleman (a),queen (a),royalty,sovereign (a)"
noble (un),andriana,"king (a),nobility (a),noble (a),nobleman (a),queen (a),royalty,sovereign (a)"
peuplade (une),firenena,"clan (a),nation (a),people (a),race (a),tribe (a)"
peuple (un),"firenena,vahoaka","citizen (a),clan (a),nation (a),people (a),race (a),tribe (a)"
préfecture,fileovana,"district,prefecture"
public (un),vahoaka,"citizen (a),people (a)"
race (une),firenena,"clan (a),nation (a),people (a),race (a),tribe (a)"
rébellion,fikomiana,rebellion
recensement (un),fanisam-bahoaka,census (a)
règne (un),fanjakana,"administration (an),dignity (a),government (a),honor (an),kingdom (a),privilege (a)"
reine (une),"andriamanjaka,andriana","king (a),nobility (a),noble (a),nobleman (a),queen (a),royalty,sovereign (a)"
république,repoblika,republic
révolte,fikomiana,rebellion
roi (un),"andriamanjaka,andriana","king (a),nobility (a),noble (a),nobleman (a),queen (a),royalty,sovereign (a)"
royaume (un),fanjakana,"administration (an),dignity (a),government (a),honor (an),kingdom (a),privilege (a)"
royauté (une),andriana,"king (a),nobility (a),noble (a),nobleman (a),queen (a),royalty,sovereign (a)"
seigneur (un),andriana,"king (a),nobility (a),noble (a),nobleman (a),queen (a),royalty,sovereign (a)"
sénat,antenimieran-doholona,senate
socialisme,sosialisma,socialism
sujet d'un état (un),vahoaka,"citizen (a),people (a)"
tribu (une),firenena,"clan (a),nation (a),people (a),race (a),tribe (a)"
vote,fanisam-bato,vote
prénom (fille),fanampin' anarana (vavy),first name (girl)
prénom (garçon),fanampin' anarana (lahy),first name (boy)
psychologie,toe-tsaina,psychology
rapports,fifandraisana,relationships
rapports:(en général),fifandraisana:(amin' ny ankapobeny),relationships:(in general)
branchement (un),sampana,"branch (a),branching"
branche (une),sampana,"branch (a),branching"
cultivar (un),karazana,"kind (a),sort (a),species (a)"
descendance (une),karazana,"kind (a),sort (a),species (a)"
embranchement (un),sampana,"branch (a),branching"
espèce (une),karazana,"kind (a),sort (a),species (a)"
filiale (une),sampana,"branch (a),branching"
genre (un),sampana,"branch (a),branching"
lignage (un),karazana,"kind (a),sort (a),species (a)"
lignée (une),karazana,"kind (a),sort (a),species (a)"
race (une),karazana,"kind (a),sort (a),species (a)"
sorte (une),karazana,"kind (a),sort (a),species (a)"
type (un),karazana,"kind (a),sort (a),species (a)"
variété (une),karazana,"kind (a),sort (a),species (a)"
rapports:famille,fifandraisana:fianakaviana,relationships:family
aïeux (des),razana,ancestor (an)
aîné,"matoa,razoky","brother,sister"
aîné,zoky,"elder brother,elder sister,senior"
aînée,zoky,"elder brother,elder sister,senior"
aîné (un fils),lahimatoa,son (eldest)
allié (un),havana,"ally (an),friend (a),relative (a)"
ami (un),"havana,zaodahy","ally (an),brother-in-law (a),friend (a),relative (a)"
ancêtres (des),razana,ancestor (an)
ancêtre (un),razana,ancestor (an)
arrière petit-enfant,zafiafy,"generation (third),great-grandchild"
beau-frère (un),zaodahy,brother-in-law (a)
beau-parent,rafozana,"father-in-law,mother-in-law,parent"
beau-père,"rafozana,raikely","father-in-law,mother-in-law,parent,stepfather"
beau-père,rafozandahy,father-in-law
beau-père (un),ray,father (a)
belle-mère,rafozana,"father-in-law,mother-in-law,parent"
belle-mère,rafozambavy,mother-in-law
belle-soeur (une),"ranaotra,zaobavy",sister-in-law (a)
bru (une),"vinanto,zanaka andriana amorom-patana","daughter-in-law (a),son-in-law (a)"
cadet,"faralahy,iandre,razandry","brother,sister,son,youngest"
cadet (le fils),lahiaivo,second son (the)
cadette,"faravavy,razandry","brother,daughter,sister,youngest"
cadette (une),zandry,"brother (a younger),junior (a),sister (a younger)"
cadet (un),zandry,"brother (a younger),junior (a),sister (a younger)"
concubine,vaditsindrano,concubine
conjoint (un),andefimandry,wife (a)
cousine (une),anakavy,sister (a)
cousins,kibo tsy omby,cousins
dernier,faralahy,"son,youngest"
dernière,faravavy,"daughter,youngest"
dernier (le),fara,"child,descendant,heir,last,offspring,progeny,succession,supreme"
dernier-né,faran' ny aina,youngest child
dernier-né (le),fara,"child,descendant,heir,last,offspring,progeny,succession,supreme"
descendance (la),"fara,tamingana","child,descendant,family,heir,last,offspring,progeny,relatives,succession,supreme"
descendant,zaza navelan-dra,descendant
descendant (le),fara,"child,descendant,heir,last,offspring,progeny,succession,supreme"
descendant (un),solofo,"descendant (a),heir (an)"
deuxième fils (le),lahiaivo,second son (the)
enfant (un),fara sy dimby,"child (a),children"
épouse,"tokantrano,vale","household,house-keeping,wife"
épouse principale,vady be,wife (chief)
épouses (avoir plusieurs),mampirafy,polygyny (to practice)
épouse secondaire (une),vady masay,wife (a secondary)
épouse (une),andefimandry,wife (a)
épouse (une),vady,spouse (a)
époux (un),vady,spouse (a)
famille,"ankohonana,fototr' olona,trañoraiky","family,household"
famille (une),fianakaviana,family (a)
femme âgée (une),reny,mother (a)
femme (une),vady masay,wife (a secondary)
fils aîné (un),lahimatoa,son (eldest)
fils (le deuxième),lahiaivo,second son (the)
final,fara,"child,descendant,heir,last,offspring,progeny,succession,supreme"
fin (la),fara,"child,descendant,heir,last,offspring,progeny,succession,supreme"
frère de lait (un),iray nono,"foster brother (a),foster sister (a)"
frère d'une femme (un),anadahy,brother of a woman (a)
frère d'un homme (un),rahalahy,brother of a man (a)
frère,"mianadahy,mirahalahy,razandry,razoky","brother (to),brother,sister (to),sister"
gendre (un),vinanto,"daughter-in-law (a),son-in-law (a)"
généalogie,tetimana,genealogy
génération (cinquième),zafinkitrokely,generation (fifth)
génération,fara mandimby,generation
génération (quatrième),zafin-dohalika,generation (fourth)
génération (septième),zafin-doria,generation (seventh)
génération (sixième),zafimpaladia,generation (sixth)
génération (troisième),zafiafy,"generation (third),great-grandchild"
génération (une),taranaka,"generation (a),lineage (a)"
grand-mère,renibe,grandmother
grand-mère,"dady,loa-jafy","grandchild,grandfather,grandmother"
grand' mère,mama,mother
grand-mère,nenibe,grandmother
grand-mère (une),baivavy,grand-mother (a)
grand-parents,dady,"grandfather,grandmother"
grand-père,"angibe,belahy,dady,ikakibe,loa-jafy","grandchild,grandfather,grandmother"
grand-père (un),raibe,grandfather (a)
grand-père (un),"bailahy,dadabe","grand-father (a),grandfather (a)"
héritier (un),solofo,"descendant (a),heir (an)"
homme âgé (un),ray,father (a)
important (plus),zoky,"elder brother,elder sister,senior"
lignée,firazanana,"ancestry,clan,descent lineage,genealogy,generation,pedigree,progeny,race"
lignée (une),taranaka,"generation (a),lineage (a)"
maisonnée,ankohonana,"family,household"
maman,"ineny,neny","mama,mother"
meilleur,zoky,"elder brother,elder sister,senior"
ménage,ankohonana,"family,household"
ménage,tokantrano,"household,house-keeping,wife"
mère est vivante (dont la),velon-dreny,mother is living (whose)
mère,"mama,neny","mama,mother"
mère (une),reny,mother (a)
neveu (un),zanak' anabavy,"nephew (a),niece (a)"
nièce (une),zanak' anabavy,"nephew (a),niece (a)"
nourrice (une),reny,mother (a)
oncle,"anadahin-dreny,belahy,dadafara,dadatoa,rahalahin-dray,zandrindray",uncle
oncle (un),ray,father (a)
orphelin,"asorotany tsy satry,benje,kamboty",orphan
orphelin (un),asorotanitsisatry,orphan (an)
papa,baba,"dad,father"
parenté (la),tamingana,"family,relatives"
parentèle (une),fianakaviana,family (a)
parent éloigné,havan-tetezina,distant relative
parent (le),tamingana,"family,relatives"
parent lointain,havan-tetezina,distant relative
parent,"fofon-kavana,havana avy any dilambato,havan-davitra,mpihavana",relative
parent proche (un),"atin-kavana,havana akaiky","consanguinity (a),relation (near),relative (a close)"
parents et enfants,"am-pianahana,fianahana,pianake",parents with children
parent (un),havana,"ally (an),friend (a),relative (a)"
père adoptif (un),ray,father (a)
père est vivant (dont le),velon-dray,father is living (whose)
père (leur),rainy,"father (her),father (his),fathers (their),father (their)"
père,"baba,kaky","dad,father"
père,"belahy,idada,ikaky",father
pères (leurs),rainy,"father (her),father (his),fathers (their),father (their)"
père (son),rainy,"father (her),father (his),fathers (their),father (their)"
père (un),"aba,angy,ray","father (a) (celui qu'on),father (a)"
petite-fille,zafy,grandchild
petit-enfant,zafy,grandchild
petit-fils,"loa-jafy,zafy",grandchild
progéniture (une),solofo,"descendant (a),heir (an)"
rejeton (un),solofo,"descendant (a),heir (an)"
second fils (le),lahiaivo,second son (the)
soeur de lait (une),iray nono,"foster brother (a),foster sister (a)"
soeur d'une femme (une),rahavavy,sister of a woman (a)
soeur d'un homme (une),anabavy,sister of a man (a)
soeur,"mianadahy,mirahavavy,razandry,razoky","brother (to),brother,sister (to),sister"
soeur (une),"anakavy,ranabavy",sister (a)
supérieur,zoky,"elder brother,elder sister,senior"
suprême,fara,"child,descendant,heir,last,offspring,progeny,succession,supreme"
tante maternelle (une),reny,mother (a)
tante paternelle (une),reny,mother (a)
tante,"anabavin-dray,nenifara,nenitoa,rahavavin-dreny",aunt
religion et liturgie,fivavahana,religion and liturgy
adventiste (un),advantista,adventist (an)
alléluia (un),aleloia,"alleluia (an),hallelujah (an)"
amen,amena,amen
ange (un),"anjele,anjely",angel (an)
archevêque (un),arseveka,archbishop (an)
archidiocèse (un),arsidiosezy,archdiocese (an)
athéisme (un),jentilisa,atheism (an)
autel (un),"alitara,otely",altar (an)
baptême (un),badisa,baptism (a)
baptême (un),batisa,baptism (a)
baptisé,vita batisa,baptized
batême (un),batemy,baptism (a)
bible (la),baibole,bible (the)
bouddhisme (le),bodisma,buddhism (the)
calice (un),kalisy,chalice (a)
cardinal (un),kardinaly,cardinal (a)
carême,karemy,lent
catéchisme (un),"katekisma,katesizy",catechism (a)
catéchiste (un),"katekista,katesista","catechist (a),catechist (un)"
cathédrale (une),katedraly,cathedral (a)
chemin de croix,lalan' ny hazofijaliana,"way of sorrows,way of the cross"
chrétien,kristianina,christian (a)
christianisme (le),kristianisma,christianism
communion,fandraisana,lord's supper
communion (la),fandraisana ny fanasan' ny tompo,lord's supper (the)
concile (un),"kaonsily,konsily",concil (a)
conclave (un),konklavy,conclave (a)
confesser (se),mikonfesy,"confession (to go to),confess (to)"
confesse (une),konfesy,confession (a)
confession (une),konfesy,confession (a)
croix (la),lakoroa,cross (the)
démon (un),"demony,devoly",devil (a)
diacre (un),"diakona,diakra",deacon (a)
dieu,"andriamanitra,zanahary","god (a),god"
dieu (un),zanahary,"god (a),god"
diocèse (un),diosezy,diocese (a)
eden,edena,eden
enfer,"afobe,helo",hell
excommunion (une),eskomonie,excommunication (an)
exorcise (avec quoi on),afaditra,avert evil (anything to avert)
frère (un),frera,brother (a)
hérétique,heretika,"heretical,heretic"
icroix (la sainte),lakroa,cross (the holy)
islam,silamo,"islam,muslim (a)"
laïc (un),lahika,layman (a)
laïque (un),laika,layman (a)
luthérien )un),loterana,lutherian (a)
martyr (un),maritiora,martyr (a)
messe (une),lamesa,mass (a)
musulman (un),silamo,"islam,muslim (a)"
noël,"krismasy,noely",christmas
pape (le),papa,pope (the)
pâques,paka,easter
prêtre (un),pretra,priest (a)
prophète (un),mpaminany,prophet (a)
protestant (un),protestanta,protestant (a)
pupitre (un),polipitra,pulpit (a)
purgatoire,afofandiovana,purgatory
sainte-cène (la),fandraisana ny fanasan' ny tompo,lord's supper (the)
sainte-cène,fandraisana,lord's supper
sainte (une),masimbavy,saint (a)
saint (un),masindahy,saint (a)
sermon (un),sermona,sermon (a)
temple (un),tempoly,temple (a)
théologie (une),teolojia,theology (a)
vicaire (un),vikera,vicar (a)
rimes,adirima,rimes
santé,fahasalamana,health
abcès (un),"baivonto,boiboika,kibay,kifongo,vaivonto","abscess (an),bubo (a),ulcer (an)"
agacement,dilo,teeth set on edge (pain of)
ampoule (avoir une),miempaka,"blister (to),swell (to)"
angine,aretin-tenda,sore throat
anthrax (un),"fongo,kifongo","abscess (an),boil (a),bubo (a),carbuncle (a)"
asperge (ce qui s'),fanafana,medicine
asthme,"sefo,sohika",asthma
athrepsie (une),alofisaka,disease of children (a)
attelle (une),hamatra,splint (a)
avarie,kilema,"blemish,deformity,scar"
aveugle,"gila,jamba",blind
avorté (ayant),afa-jaza,"aborted,miscarriage (having a),miscarried"
avortement,fanalan-jaza,abortion
bain (un),evoka,"bath (a),steam (a)"
ballonné (être),mianiany,"bloated (to be),puffed (to be),swollen (to be)"
bancal,"bingo,kolepaka","bandy-legged,bow-legged,crooked in the joints,crooked in the knees,limping,loose"
baver,mandoa vory,froth
bigleux,njola,"cross-eyed,squint-eyed"
bilharzie,"kankandio,sokoraty","bilharzia,schistosome"
blennorragie,"angatra,famehy,fiandry","dyschuria,gonorrhea"
blessure (une),"fery,ratra","hurt (a),injury (an),sore (a),sorrow (a),ulcer (an),wound (a)"
boiter,mandringa,limp (to)
boiteux,kolepaka,"limping,loose"
bonheur (un),fahasalamàna,health (a)
borborygmes (produire des),mikoraraika,rumble (to)
borgne,"poaka,poa-maso,toka-maso",one-eyed
boursouflé,bongo,swollen
bouton,"forofotra,mony,tety,tsikodimeny",pimple
brûlure (une),hay an-tsoson-koditra,burn (a)
bubon (un),kifongo,"abscess (an),bubo (a)"
cancer (un),fery mihady,sore (a)
capote (une),fimailo,condom (a)
carie,"areti-nify,oli-manara,oli-nify",toothache
charme,"fandrenohana,ody","charm,fetish,medicine"
chassieux,didimaso,blear-eyed
chétif,saozanina,"feeble,sickly,weak"
chique,parasy lafrika,"chigoe flea,jigger"
cicatrices (des),holatra,"scar (a),scars"
cicatrice (une),"hamatra,holatra","scar (a),scars"
circoncire,mandidy foitra,"circumcise (to),navel string (to cut the)"
circoncis,"finora,voafora",circumcised
circoncision,hasoavan-jaza,circumcision
circoncision (une),"didiam-poitra,didy foitra,fora,foza",circumcision (a)
clocher,mandringa,limp (to)
comparé,mitaha,"compared (to be),compare oneself (to)"
connaissance (reprendre),mitambelona,"come to,consciousness (to regain)"
constipation,mifarina,constipated
constipé,mitohana,constipated
coqueluche (une),kohadavareny,whooping cough (a)
cordon ombilical (couper le),mandidy foitra,"circumcise (to),navel string (to cut the)"
croûte,tako-pery,scab
cutanée,mamorofotra,scabies
dartre,"anakandroana,anakandro,angadrano,kesa,kola,taheny",dandruff
débile,marofy,"feeble,ill"
défaut,kilema,"blemish,deformity,scar"
déformation,kilema,"blemish,deformity,scar"
démangeaison,"hidihidy,malailay","itchy,itch,scratchy"
dentiste,mpanao nify,dentist
dents (qui a mal aux),marary olitra,toothache (suffering from)
devin,ombiasa,"diviner,medicine man,shaman"
devin (un),mpimasy,"diviner (a),medicine man (a)"
diarrhée,"piriritra,pororoky,tsipitapita,tsirirìka",diarrhea
dispensaire,tobin-pahasalamana,hospital
douleur,"faharariana,fanaintainana,fangotsokotsoka,hirifiry,hotsohotso,mangorintsina,mangotsoka,maniotsioka,sinta","ache,burning,illness,pain,throbbing"
douleur interne (une),"horintsina,horontsina",pain (an internal)
douloureux (être),manaintaina,throb (to)
dur d'oreille,"marenina,vavasa",deaf
éclisse (une),hamatra,splint (a)
écorché (être),miempaka,"blister (to),swell (to)"
écumer,mandoa vory,froth
édenté,banga ridana,toothless (to be)
éducation (une),fitaizana,"caring for (act of),nursing (act of)"
élancement,"fanaintainana,hintsina","burning,throbbing"
élancement (produire des),manaintaina,throb (to)
éléphantiasis,be tongotra,elephantiasis
embonpoint,hatavezana,"corpulence,fatness"
empressement (un),sefosefo,"breathless,hurry,panting"
enflé,bongo,swollen
enflure,"kizavo,vindina,vonto",swelling
engelure (une),vaivonto,abscess (an)
enrhumé du cerveau,"serena,seriserena",cold in the head (afflicted with a)
enrhumé,mararin' ny sery,"cold (ill with a),ill with a cold"
entorse,"folakalefitry,mioritra,nikaritsy,vika",sprained (to be)
entorsé (être),mivika,sprained (to be)
entorse (faire une),manapitsoka,dislocate a joint (to)
envie,hidihidy,itch
épilepsie,androbe,epilepsy
épilepsie (genre d'),ambo,epilepsy (sorte d')
éruption,mamorofotra,scabies
estropié,kilemaina,"crippled,maimed"
éternuement,evina,sneeze
éternuer,mievina,sneeze (to)
excroissance de chair (une),kambo,"mole (a),skin  growth (a)"
faible dans les articulations,godragodra,feebleness about the joints
faim,hanoanana,hunger
fatigue,"havizanana,sinta","fatigue,pain,weariness"
fausse couche,afa-jaza,"aborted,miscarriage (having a),miscarried"
fièvre,fanaviana,fever
fièvre,manavy,ill
fièvre (la),tazo,"fever (a),malaria"
fièvre qui diminue,miafa,recovering from sickness (to be)
fiévreux,manavy,ill
fiévreux,tazoina,feverish
foulé,mioritra,sprained (to be)
frissonnant,tora-kovitra,tremble
furoncle (un),"fongo,vay","abscess (an),boil (a),carbuncle (a)"
gale,"hatina,kizavo,lagaly","itch,scabies"
glousser,mikoraraika,rumble (to)
gonflé (être),mianiany,"bloated (to be),puffed (to be),swollen (to be)"
gonflé,"bongo,danidany",swollen
goutte,gaotra,gout
graisse,hatavezana,"corpulence,fatness"
gravé de la variole,soki-nendra,pockmarks
gravelle,fiafia,gravel
grippe (la),fofoka,flu (the)
guéri,fahasitranana,healed
guérir,manasitrana,heal (to)
guérison (moyen de),fanafana,medicine
haletante (respiration),sefosefo,"breathless,hurry,panting"
halètement (un),sefosefo,"breathless,hurry,panting"
hâte (une),sefosefo,"breathless,hurry,panting"
hôpital,"hopitaly,tobin-pahasalamana",hospital
huile de ricin,tseroka,castor oil
hydropique,"darina,manirano","dropsy,edema"
hydropisie,manirano,"dropsy,edema"
incurable,tsy azom-panafana,incurable
infirme,kilemaina,"crippled,maimed"
infirmité,kilema,"blemish,deformity,scar"
inguérissable,tsy azom-panafana,incurable
insensible,marenina,deaf
jaunisse,"angorosy,ngorongosy",jaundice
ladrerie (une),voavary,"cyst (a),tapeworm (a)"
lassitude,havizanana,"fatigue,weariness"
latex,nana,pus
lavement (un),fanasana tsinay,enema (an)
lèpre,"andro,habokana,haboka",leprosy (the)
lèpre (une),"boka,kimavo","leper (a),leprosy (a),leprous,scabby"
lépreux,"boka,mavointena,ratsy hoditra","leper (a),leprosy (a),leprous,scabby"
lépreux (un),boka,"leper (a),leprosy (a),leprous,scabby"
louche,njola,"cross-eyed,squint-eyed"
loupe (une),kambo,"mole (a),skin  growth (a)"
malade,"farary,manavy,marary,marisa",ill
maladie de foie,bearika,disease of the liver
maladie de la peau (une),ladilady,skin disease (a)
maladie d'enfant (une),alofisaka,disease of children (a)
maladie des gencives,"solohitra,solohotra",gum disease
maladie,"elo,faharariana,rofy,sembana,sovoka,tohatohatra",illness
maladie (une),"aretina,faharisarisana,jany,risarisa,tambavy","illness (an),sickness (a)"
maladif,"farary,farofy,marofy,saozanina","feeble,ill,invalid,sickly,valetudinarian,weak"
malaise,"manelonelo,rofy",illness
malaria (la),tazo,"fever (a),malaria"
mal aux dents,olitra,toothache
mal (faire très),manaintaina,throb (to)
médical (soin),fitsaboana,"medical care,nursing"
mesurer,mitaha,"compared (to be),compare oneself (to)"
microbe,"mikrôby,otrikaretina",microbe
muet,moana,"dumb,mute,speak (unable to)"
mutilé,kilemaina,"crippled,maimed"
myope,"fohy fijery,fohy maso,pahina","dim eyes,near-sighted"
nausée,"dimpoana,misalebolebo","nauseated,sickly,squeamish"
nourrir (action de),fitaizana,"caring for (act of),nursing (act of)"
nourrisson,taiza,"care of children,nursing child"
paix (une),fahasalamàna,health (a)
paludisme (le),tazo,"fever (a),malaria"
panaris,"hararaotra,kaka,panarisy",ulceration
panaris (un),tsevo-drano,whitlow (a)
parturition (se reposer après),mifana,parturition (to rest after)
pellicule,angadrano,dandruff
peste,pesta,plague
pierre,fiafia,gravel
pilule (une),pilina,pill (a)
plaie,"bae,ferena",sore
plaie (une),"bay,fery","boil (a),hurt (a),sore (a),sorrow (a),ulcer (an),wound (a)"
pleurnichement (un),sefosefo,"breathless,hurry,panting"
point de côté,tevika,spasm
poison (un),poizina,poison (a)
poste sanitaire,tobin-pahasalamana,hospital
presbyte,lava maso,far-sighted
préservatif (un),fimailo,condom (a)
prurit,hidihidy,itch
purifier (manière de),fanafana,medicine
purulente (matière),nana,pus
pus,nana,pus
pustule (une),"hamatra,kibolabola,voavary","cyst (a),tapeworm (a)"
quinine,kininina,quinine
rage (la),"faharomotana,haromotana","rabbies,rabies"
rate,atodintazo,spleen
remède (matière donnnée comm),fanafana,medicine
remède (un),hasy,medecine (a)
respiration (une),fiainana,"breathing (act of),life (a)"
rhume (un),sery,cold (a)
ronflement,erotra,snore
rongé par la rouille,soki-nendra,pockmarks
rougeole (la),bonibony,"measles,protuberance (une),puffiness (a),swelling (a)"
rougeole (une),kitrotro,measles (the)
rubéole (la),bonibony,"measles,protuberance (une),puffiness (a),swelling (a)"
sage-femme (une),"mpampivelona,renin-jaza",midwife (a)
saignant abondamment,babarà,bleeding profusely
saigne abondamment (qui),babarà,bleeding profusely
saignée,fanalan-dra,"bleeding,blood-letting"
saigner abondamment,mibabarà,bleed (to)
saigner,mandeha ra,bleed
santé (une),fahasalamàna,health (a)
seringue,"basirano,serengy",syringe
silencieux,moana,"dumb,mute,speak (unable to)"
soigner (action de),fitaizana,"caring for (act of),nursing (act of)"
soigner,"mandamalama,mitsabo",nurse (to)
soigné,tsaboina,nursed
soins médicaux,fitsaboana,"medical care,nursing"
soins pour enfants,taiza,"care of children,nursing child"
sonde (une),bozy,catheter (a)
souffrance (causer de la),mampiferinaina,pain (to cause)
sourd,marenina,deaf
suppurer,mandeha nana,suppurate
surdité,"harenina,renina,tangoka",deafness
syphilis,"fandilofa,farasisa",syphilis
tartre,tai-nify,tartar
ténia,"kankam-pisaka,sakoitra,tsoko,viky vahy",tenia
tinter,mangintsina,ring (to)
tiraillement,fanaintainana,"burning,throbbing"
tordu,bingo,"bandy-legged,bow-legged,crooked in the joints,crooked in the knees"
toussant (appeler en),mikohaka,cough (to)
tousser,mikohaka,cough (to)
toux forte (une),koha-dambo,cough (a strong)
toux (une),kohaka,cough (a)
traite par des remèdes (qu'on),odiana,supplied with medicine (to be)
tremblant,tora-kovitra,tremble
tricocéphale,"sakoitra,viky vahy",tenia
tuberculeux,raiki-tampisaka,tuberculous
tuberculose,"aretin-tratra,harañane",tuberculosis
tuberculose (une),raboka,tuberculosis (a)
tumeur scrofuleuse (une),boiboika,ulcer (an)
typhoïde,"tazo tefoedra,tefoedra",typhoid
ulcère phagédénique (un),fery mihady,sore (a)
ulcère,dridra,ulcer
ulcère (un),boiboika,ulcer (an)
vapeur (une),evoka,"bath (a),steam (a)"
varicelle,nendram-boalavo,chicken pox
variole (la),nendra,smallpox (the)
vérole la petite),lavira,small-pox (the)
vérole (la),nendra,smallpox (the)
vérole,nendram-boalavo,chicken pox
ver,"kankana,kankanina,sakoitra,tsoko,viky","tenia,worm"
vie (revenir à la),mitambelona,"come to,consciousness (to regain)"
virus,"mikrôby,otrikaretina,viriosy,virosy",microbe
vomir,"dimpoana,mandoa,mihoaka,miorika,salosonina","nauseated,sickly,squeamish,vomit (to)"
vue courte (qui a la),pahina,dim eyes
vue faible (qui a la),pahina,dim eyes
sociologie,hainifiaraha-monina,sociology
esclave,andevo,slave
son,feo,sound
aboiement (un),vovò,barking (a)
aboyer,mivovò,bark (to)
battu,migana,knock (to)
bêlement,barareoka,bleating
beuglement,ma,lowing
beugler,mimamà,low [cattle] (to)
borborygme,gororoana,gurgling
bourdonnement,"hahohaho,reondreona","din,hum,noise,wrangling"
bourdonnement (un),"bobobobo,zozozozo",gurgling sound (a)
braire,maneno,"chirp (to),crow (to),ring (to),sound (to)"
brouhaha,hahohaho,"din,noise,wrangling"
bruissement (un),"bobobobo,karatsaka,zozozozo",gurgling sound (a)
bruit (action de frapper avec),katraka,noise (a)
bruit,"dao,ezinezina,fihoaka,hobahoba,jibôka,kady,karetsika,katrafoka,katrôkaka,kintsana,kiririka,migana,neno,sasasasa,tabataba,tefoka","bustle,clamour,explosion,knock (to),noise,racquet,sound,vociferation"
bruit de frottement,gidro,"creaking,noise"
bruit de pas,"gorodona,ngorodona",sound of feet
bruit sourd,ngadona,"noise (beating),noise (tremulous),sound (thumping)"
bruit (un),"feo,gidrogidro,ngodongodona,rohona","creaking (a),noise (a),report (a),sound (a hollow),sound (a),thud (a),thunder (a),voice (a)"
cacaber,mitsararàka,"screech (to),squawk (to)"
caqueter,mikoràka,cackle (to)
chanter,maneno,"chirp (to),crow (to),ring (to),sound (to)"
clameur,"babababa,tabataba","bustle,clamour,cry,noise,outcry,racquet,scream,vociferation"
clameur (une),koràka,outcry (an)
coassement (un),horaka,cries of a crowd
coasser,migoraidraika,croak (to)
confusion,tabataba,"bustle,clamour,noise,racquet,vociferation"
couinement,dridrodridro,squeaking sound
craquèlement,tefoka,sound
craquement,"dridrodridro,gidro","creaking,noise,squeaking sound"
craquement (un),"gidrogidro,karatsaka,kepoka","creaking (a),crunching sound (a),noise (a)"
craquer,migidrogidro,creak (to)
criailler,mitsararàka,"screech (to),squawk (to)"
cri,"babababa,dradradradra","crying,cry,outcry,scream,shouting,vociferating,weeping"
cri de défi (un),hiaka,"cry of defiance (a),cry of victory (a)"
cri de provocation (un),hiaka,"cry of defiance (a),cry of victory (a)"
cri de rat,gidro,"creaking,noise"
cri de victoire (un),hiaka,"cry of defiance (a),cry of victory (a)"
cri du canard,gaka,quacking of a duck
cri du corbeau,gaka,quacking of a duck
crier,maneno,"chirp (to),crow (to),ring (to),sound (to)"
cris d'une foule (des),horaka,cries of a crowd
cris perçants,kiakiaka,cries (piercing)
cri (un),feo,"report (a),sound (a),voice (a)"
désordre,"kotaba,tabataba","disorder,noise,upheaval"
écho,ako,echo
explosion,"ezinezina,neno","explosion,noise,sound"
explosion (une),rohona,"sound (a),thunder (a)"
froufrou,kasokasoka,"rustle,rustling,sound"
froufrouter,mikasaotsaoka,"rustle,rustling,sound,swish"
glouglou (un),bobobobo,gurgling sound (a)
gloussement (un),kolokolo,gobble (a turkey)
glousser,"mikolokolo,mikoraraika","gobble (to),rumble (to)"
grincement,"dridrodridro,gidro","creaking,noise,squeaking sound"
grincement (un),"dilotra,gidrogidro","creaking (a),noise (a)"
grincer,migidrogidro,creak (to)
grogner,mitrona,grunt (to)
grondement,erona,"growl,roar"
grondement (un),rohona,"sound (a),thunder (a)"
gronder,erona,"growl,roar"
hennir,mikoviaviaka,neigh (to)
hennissement,koviaviaka,neighing
hurlement de chien,aholo,howling of a dog
lamentation,"babababa,dradradradra","crying,cry,outcry,scream,shouting,vociferating,weeping"
meugler,mimamà,low [cattle] (to)
miaulement,meo,meow
miauler,mimeo,meow (to)
multitude,hahohaho,"din,noise,wrangling"
murmure,"gedrogedro,monomonona","bass,grumbling,muttering,noise,sound"
musique,hira,"music,play,song"
nasal,kentsona,nasal
nasillard,kentsona,nasal
plainte,"gedrogedro,monomonona","bass,grumbling,muttering,noise,sound"
rébellion,tabataba,"disorder,upheaval"
réprimander,erona,"growl,roar"
résonner,mikarantsana,"clang,sound"
résonner,"maneno,mibo,minantsanantsana","chirp (to),crow (to),ring (to),sound (to)"
retentir,"maneno,migana,mikorintsana,minantsanantsana","chirp (to),crow (to),knock (to),rattle (to),ring (to),sound (to),tinkle (to)"
retentissement d'un grelot,korintsana,tinkling (a)
retentissement,"ehoeho,neno","explosion,noise,sound"
révolution,tabataba,"disorder,upheaval"
rire (éclats de),kakakaka,laughter
ronflement,"erotra,fotraka",snore
ronfler,mitrona,grunt (to)
rugir,"erona,mitrona","growl,grunt (to),roar"
rugissement,erona,"growl,roar"
sifflant (action d'appeler en),siaka,whistling (a)
sifflement,"biririoka,pioka,piopioka","buzz,whiz"
sifflement (un),"siaka,zozozozo",whistling (a)
siffler (action de),siaka,whistling (a)
son de battement (un),doboka,thump (a)
son de tambour (donner un),midoboka,"sound like a drum (to),thump (to)"
son de tonnerre (un),rohondrohona,sound like thunder (a)
son d'un corps sonore (un),"nantsanantsana,nantsana","shrill sound (a),sound (a shrill)"
sonner creux,migoboka,sound hollow (to)
sonner,maneno,"chirp (to),crow (to),ring (to),sound (to)"
son retentissant (un),doboka,thump (a)
son,"doana,ezinezina,katrafoka,neno","explosion,noise,sound"
son (un),feo,"report (a),sound (a),voice (a)"
tapage,"fivatsavatsana,kitrana,kotaba,tabataba","brawling,bustle,clamour,disorder,noise,racquet,vociferation"
tonner,mikotroka,"roar (to),thunder (to)"
ton (un),feo,"report (a),sound (a),voice (a)"
trouble,tabataba,"disorder,upheaval"
tumulte,tabataba,"bustle,clamour,noise,racquet,vociferation"
verser un liquide bruyament,managororoana,pour out a liquid (to)
voix retentissante (une),"nantsanantsana,nantsana","shrill sound (a),sound (a shrill)"
voix sourde,gadragadra,rough voice
voix (une),feo,"report (a),sound (a),voice (a)"
sports,fanatanjahan-tena,sports
basket-ball,basketra,basketball
football,baolina kitra,"football,soccer"
ring,ringy,ring
symboles,eva,symbols
accolade (une),000000,curly brace (a)
a commercial (un),000000,"at sign (an),with"
apostrophe (une),000000,apostrophe (an)
arobase,000000,"at sign (an),with"
arrobase,000000,"at sign (an),with"
astérisque (un),"000000,kinta-maritsoratra",asterisk (an)
avec,000000,"at sign (an),with"
crochet aigu fermé (un),000000,angled bracket (close)
crochet aigu ouvert (un),000000,angled bracket (open)
crochet droit fermé (un),000000,square bracket (close)
crochet droit ouvert (un),000000,square bracket (open)
deux points,000000,colon (a)
dièse (une),000000,pound sign (a)
dollar (un signe),000000,dollar sign (a)
égal (signe),000000,equal sign (an)
esperluette (une),000000,ampersand (an)
guillemet (un),000000,quotation mark (a)
moins (signe),000000,"hyphen (an),minus sign (a)"
parenthèsec ouverte (une),000000,parenthesis (open)
parenthèse fermée (une),000000,parenthesis (close)
point d'exclamation (un),000000,exclamation point (an)
point d' interrogation (un),000000,question mark (a)
points de suspension (des),"000000,...","ellipsis (horizontal),suspension points"
point (un),000000,"full stop (a),period (a)"
point-virgule (un),000000,semicolon (a)
pour cent (un signe),000000,percent sign (a)
trait d' union (un),000000,"hyphen (an),minus sign (a)"
virgule (une),000000,comma (a)
technique,haitao,technology
altimètre,tondro haambo,altimeter
brûleur (un),vava fatana,burner (a)
buse,fantson-drano,spout
circuit électrique,olik' aratra,electrical circuit
courriel (un),mailaka,email (an)
écrou,vadin-tsaikiro,nut
émetteur,fandefasam-peo,"radio,transmitter"
émission,fandefasam-peo,"radio,transmitter"
gouttière,fantson-drano,spout
internet,interinety,internet
laminoir,fangarinana,mill
magnétophone (un),fangoronam-peo,tape recorder (a)
moteur,motera,motor
pare-brise,fitaratra arotsioka,windshield
pas de vis (un),rindra,thread (a)
radio,fandefasam-peo,"radio,transmitter"
rivet,"baibona,fantsimaty",rivet
télégramme,telegrama,telegram
télégraphe,telegrafy,telegraph
téléphone portable (un),"fenday,finday",cell phone (a)
téléphone (un),"tariby,telefaona,telefaonina",telephone (a)
vis (une),visy,screw (a)
temps,fotoana,time
âges (les),taona,"season (a),year (a)"
anciennement,"fahagolan-tany,fahagola","anciently,ancient,archaïque"
année entière,herintaona ngarangidina,whole year
année (une),"herintaona,taona","season (a),year (a)"
an (un),"herintaona,taona","season (a),year (a)"
août,aogositra,august
après-demain,afakampitso,day after tomorrow
après-midi,"folakandro,tolakandro",afternoon
après-midi (un),hariva,"afternoon (an),evening (an)"
aujourd'hui,"akiheo,androany",today (past part of)
auparavant,"aloha,rahateo","advance (in),ahead,already,beforehand,before,first,heretofore,previously,previous"
aurore (à l'),mazava atsinanana,daybreak
aurore,mazava ratsy,daybreak
autrefois,taloha,formerly
avance (à),rahateo,"advance (in),already,beforehand,heretofore"
avance (d'),rahateo,"advance (in),already,beforehand,heretofore"
avant,"aloha,taloha","ahead,before,first,previously,previous"
avant-hier,afakomaly,day before yesterday
avril,"aprily,avrily",april
bientôt,"any ho any,rehefa","sometime,soon"
calendrier,kalandrie,calendar
cinq jours,hadimiana,five days
continuellement,"lalandava,mandrakariva","all the time,always,constantly,continually,perpetually"
crépuscule (au),maizim-bava vilany,dusk (at)
crépuscule,"andramody,manopy maizina,takariva","dusk,twilight"
date (une),"daty,marikandro",date (a)
d'avance,rahateo,"advance (in),already,beforehand,heretofore"
décembre,desambra,december
déclin du soleil (au),malo-dohasaha,evening (towards)
déjà,rahateo,"advance (in),already,beforehand,heretofore"
demain,rahampitso,tomorrow
depuis,hatra,"far,up"
depuis le temps que,hatrizay,"heretofore,since the time that"
depuis longtemps,hatrizay,"heretofore,since the time that"
dimanche,alahady,sunday
dix jours,hafoloana,ten days
époque (à cette),fahizay,"time (at that),times (in former),times (in those)"
époque de (à l'),faha~,time of (at the)
époque (une),"andro,vanim-potoana","day (a),epoch (an),period (a)"
éternellement,mandrakizay,forever
février,"febroary,fevrie,hatsiha,valasira",february
fois,indray mandeha,once
heure,adiny,hour
heure (une),"adim-pamantaranandro,ora",hour (an)
hier,"male,omaly",yesterday
huit jours,havaloana,eight days
instant (il n'y a qu'un),teo no ho eo,ago (a short time)
jadis,hatrizay,"heretofore,since the time that"
janvier,"janoary,valasira,zanvie",january
jeudi (un),alakamisy,thursday
jour de semaine,ankobanandro,"everyday,weekday"
jour (le grand),"antoandrobenanahary,antoandro","daylight (full/broad),day (the middle of the),daytime (the)"
jour (le),antoandro,"daylight (full/broad),daytime (the)"
jour non férié (un),andavanandro,"everyday,weekday (a)"
jour ordinaire (un),andavanandro,"everyday,weekday (a)"
jour ouvrable,ankobanandro,"everyday,weekday"
jour ouvrable (un),andavanandro,"everyday,weekday (a)"
jours (tous les),andavanandro,"everyday,weekday (a)"
jour (un),andro,"day (a),epoch (an),period (a)"
juillet,"hiahia,jolay",july
juin,"jiona,jona,lo-tsôa",june
jusqu'à,mandritra,"during,until"
jusqu'à,"hatra,mandraka","far,until,up"
longtemps (depuis fort),hatrizay hatrizay,"beginning (from the),time past (through all)"
longtemps (depuis),fahizay,"time (at that),times (in former),times (in those)"
lundi,"alatsinainy,tinainy",monday
mai,"hiahia,mey",may
mardi,talata,tuesday
mars,"hatsiha,hiahia,marsa,martsa,volamaka",march
mercredi,"alarobia,larobia","wednesday,wednesday"
midi,"antoandro,atoandrolahy,matsaña,miarimahamay,mitatao vovonana","daylight (full/broad),daytime (the),noon"
minuit,"mamatonalina,matoalina,matsalina,misasaka alina,vakimiralina","midnight,nighttime"
minute,minitra,minute
mois lunaire,fanjava,moon
mois prochain (le),volana ambony,month (next)
mois suivant (le),volana ambony,month (next)
mois (un),volana,month (a)
neuf jours,hasiviana,nine days
neuvaine,hasiviana,nine days
novembre,"novambra,volamitabe",november
nuit dernière (la),"halina,lahalina",night (last)
nuit (milieu de la),mamatonalina,"midnight,nighttime"
octobre,"oktobra,volamitafoa",october
pendant,mandritra,"during,until"
quand,"rahatrizay,rehefa","someday,when"
quatre jours,hefarana,four days
règne de (sous le),faha~,time of (at the)
saison (une),"taona,vanin-taona","season (a),year (a)"
samedi,"asabotsy,sabotsy",saturday
semaine prochaine (la),herinandro ambony,week (next)
semaine (une),herinandro,week (a)
septembre,"hiahia,septambra",september
sept jours,hafitoana,seven days
siècle (un),taonjato,century (a)
six jours,henemana,six days
soir (un),hariva,"afternoon (an),evening (an)"
temps à venir,doria,everlasting
temps de (du),faha~,time of (at the)
temps (de tout),hatrizay hatrizay,"beginning (from the),time past (through all)"
temps indéfini,doria,everlasting
temps-là (dans ce),fahizay,"time (at that),times (in former),times (in those)"
temps (les),taona,"season (a),year (a)"
temps (un),andro,"day (a),epoch (an),period (a)"
toujours,"barakizay,mandrakariva",always
trois jours,hateloana,three days
une fois,indray maka,"once,one time"
une seule fois,indray maka,"once,one time"
vendredi,"ajoma,jomà,zomà",friday
vingt et un jours,roatokom-bolana,three weeks
tourisme,fizahatany,tourism
ablutions,fidiovana,"restroom,toilet"
aéroport (un),fiantsonam-piaramanidina,airport (an)
consigne à bagages,fametrahana entana,"checkroom,left-luggage,lockers"
gare,fiantsonan-dalamby,railroad station
gargote,hôtely kely,greasy spoon
justification,fidiovana,"restroom,toilet"
objets trouvés,entana very,lost and found
toilettes,"fidiovana,toerana fidiovana","restroom,toilet"
w-c,fidiovana,"restroom,toilet"
tourisme:hébergement,fizahatany:fatoriana,tourism:lodging
tourisme:restauration,fizahatany:fisakafoana,tourism:food
tourisme:sites intéressants,fizahatany:toerana mahaliana,tourism:points of interest
transports,fitaterana,transportation
aérodrome (un),"fitodiam-piaramanidina,garam-piaramanidina",airport (an)
aéroport (un),"fitodiam-piaramanidina,garam-piaramanidina",airport (an)
aéroport (un),seranam-piaramanidina,airport (an)
autobus,"fiarabe,fiaram-bahoaka",bus
automobile,"aotomobilina,aoto",car
automobile (une),"fiarakodia,fiara","automobile (an),car (a),carriage (a),chaise (a),chariot (a),vehicle (a),wagon (a)"
avenue,lalambe,road
avion,fiaramanidina,airplane
avion (un),"aeroplanina,voromby",airplane (an)
ballon (un),balaonina,balloon (a)
bicyclette,bisikilety,bicycle
calèche (une),kalesy,"carriage (horse-drawn),carriage (railroad)"
chariot (un),kalesy,"carriage (horse-drawn),carriage (railroad)"
charrette (une),sarety,bullock-cart (a)
chemin de fer (un),lalamby,"railroad (a),railway (a)"
essence,lasantsy,"gasoline,petrol,turpentine"
locomotive (une),lohamasinina,locomotive (a)
par avion,am-piaramanidina,by air
parking,tobim-piarakodia,parking
rail (un),lalamby,"railroad (a),railway (a)"
remorque (une),fiara,vehicle (a)
route nationale (une),lalam-pirenena,"highway (national),road (national)"
route pavée (une),lalana rarivato,road (paved)
route provinciale (une),lalam-paritra,"highway (provincial),road (provincial)"
route,lalambe,road
station d'essence,tobin-dasantsy,gas station
taxi,"fiarakaretsaka,taksy",taxicab
térébenthine,lasantsy,"gasoline,petrol,turpentine"
tracteur (un),fiara,vehicle (a)
train,fiara-dalamby,train
véhicule (un),fiara,vehicle (a)
voie ferrée (une),lalamby,"railroad (a),railway (a)"
voiture (une),"fiara,kalesy","carriage (horse-drawn),carriage (railroad),vehicle (a)"
wagon (un),"kalesy,vagao","carriage (horse-drawn),carriage (railroad),railroad car (a)"
zoologie,haibiby,zoology
zoologie:art vétérinaire,haibiby:fitsaboina momba ny biby,zoology:veterinary art
castrer (action de),vosirina,castrated
châtre (qu'on),vosirina,castrated
châtrer,mamositra,castrate (to)
varroa,varoa,varroa mite
varroose,varoazy,varroosis
zoologie:invertébrés,haibiby:tsy manan-kazon-damosina,zoology:invertebrates
abeille,"renitantely,tantely,trembono",bee
abeilles (des),antely,"bee (a),bees"
abeille (une),"antely,fangaraka,renintantely","bee (a),bees,queen bee (a),wasp (a)"
araignée,halabe,spider
araignée (espèce d'),"halana,kapotane,vankio,vankôhy,voankôhy",spider (species of)
araignée (une),"bibimamany,hala",spider (a)
blatte,kalalao,cockroach
blatte (une),kalabe,cockroach (a)
bourdon,amboalambontantely,"bee (species of),drone"
bousier,voantay,beetle
cafard,kalalao,cockroach
cafard sifflant (un),sibato,hissing cockroach (a)
cafard (un),kalabe,cockroach (a)
cancrelat,"kalalao,kalangeta",cockroach
cancrelat (un),kalabe,cockroach (a)
chenille,"bia,fanday,fandese,tsibolobolo,tsibolo",caterpillar
chique,"maroantody,parasy lafrika","chigoe flea,jigger"
cigale,"angoaka,jorery",cicada
concombre de mer,dingadingana,"sea cucumber,trepang"
coque,akora,"coral,seashell,shell-fish"
coquillage,"akoran-dranomasina,akora,angaty,betampem-bato,bevoly,bozeke,dante,dosodoso,jonka,marañimboly,sonera","coral,seashell,shell-fish,shell"
coquille,akora,"coral,seashell,shell-fish"
corail,"akoran-dranomasina,akora","coral,seashell,shell-fish"
crabe à carapace molle (un),fozamalemy,crab without its shell
crabe,"antsanjy,drakaka,garagese,jakake,voantsanjy",crab
crabe (un),"afoza,ambiko,dakatra,foza",crab (a)
criquet (un),valala,"grasshopper (a),locust (a)"
drosophile (une),lalitra,"fly (a),housefly (a)"
écrevisse (une),orana,"crayfish (a),shrimp (a)"
escargot (un),"lelosy,sifotra",snail (a)
fourmi (une),vitsika,ant (an)
grillon femelle (un),banty,cricket (female)
grillon,"antsiona,antsiondahy,antsionkary,kabanty,kabatita,kaniry",cricket
grillon (un),angely,cricket (a)
guêpe,kitoka,wasp
guêpe (une),fanenitra,wasp (a)
hanneton,"vangoa,voambaratra,voangory",beetle
holothurie,"benono,dingadingana","sea cucumber,trepang"
insecte (nom d'),bina,insect (name of)
langouste (une),ambiko,crab (a)
larve de libellule,ondrindrano,dragon-fly larva
libellule,angidina,dragonfly
limace (une),sifotra,snail (a)
luciole (espèce d'),harendrina,insect (kind of)
luciole (une),"angamenavava,karendrina,kirendrina,kirendriñy,rendrina",firefly (a)
mante religieuse (une),famakiloha,praying mantis (a)
mollusque (un),sifotra,snail (a)
moucheron,"aloiloy,aloy","gnat,mosquito"
mouche (une),"lalitra,lalitry","fly (a),housefly (a)"
moustique,"aloy,moka","gnat,mosquito"
mygale,amboabe,mygale
papillon (un),"lolo,samoina","butterfly (a),moth (a),silkworm (a)"
pieuvre (une),horita,octopus (an)
pou,"haombary,hao","louse,tick"
puce,parasy,flea
punaise (une),kongona,"bedbug (a),tick (a)"
sangsue (espèce de),"dintanala,dintandrano",leech (species of)
sangsue,"dinta,linta",leech
sangsue (une),"dintamborona,lintana",leech (a)
sauterelle (espèce de),"adrisa,aketalahy,aketa,ambolokely,ambolovarahina,ambolo,ampongavato","grasshopper (species of),locust (species of)"
sauterelle (espece de),dabo,grasshopper (species of)
sauterelle (espèce de),"daronambolo,dongara,kijeja,koraika,mahaverizoky,ramijaingy,sompanga,tsikondry,tsimbaivay,tsimbatavata,tsimbolavola,tsimbotry,tsimpefe,tsindakana,tsindrano,tsingentana,tsipefe,valalamena,zafinadrisa","grasshopper (species of),locust (species of)"
sauterelle,"apanga,apipiky",locust
sauterelle (une),valala,"grasshopper (a),locust (a)"
sauterelle verte (espèce de),ambolobitaka,grasshopper (species of green)
scorpion,"halampasy,halandevo,halatsako,hefintsako,hefy,maingoka,mambahehitra,mambambohitra",scorpion
scorpion (un),hala,spider (a)
telline (une),tekateka,coquina clam (a)
ténia,"sakoitra,viky vahy",tenia
termite,"aboalina,votry",termite
termite (un),aboaly,"ant (species of),termite (a)"
termitière,votry,termite
tique (un),kongona,"bedbug (a),tick (a)"
trépang,dingadingana,"sea cucumber,trepang"
ver à soie (un),landy,silkworm (a)
ver à soie (un),"bibin-dandy,samoina","moth (a),silkworm (a)"
ver luisant (espèce de),harendrina,insect (kind of)
ver luisant (un),angamenavava,firefly (a)
ver (un),"ankaña,hankana",worm (a)
ver,"esa,kana,kankana,kankandoroka,kankanjila,olitra,sakoitra,viky","tenia,worm"
zoologie:mammifères,haibiby:mampinono,zoology:mammals
âne (un),ampondra,"donkey (a),mule (a)"
annesse (une),ampondra,"donkey (a),mule (a)"
aye-aye,aiay,"aye-aye,lemur"
bactrien,rameva,"bactrian,camel"
baleine,"fitamba,trozona",whale
belette,kionkiona,weasel
biche (une),"diera,serfa",deer (a)
boeuf (un),"omby,rana","cattle,cow (a),ox (an)"
bouc (un),osy,goat (a)
bourrique (une),ampondra,"donkey (a),mule (a)"
brebis (une),reniondry,ewe (a)
cabri,bengy,goat
cerf (un),"diera,serfa",deer (a)
chameau,"angamia,rameva","bactrian,camel,dromedary"
chameau (un),angamenavava,"camel (a),dromedary (a)"
chat sauvage (espèce de),ampaha,cat (species of)
chat sauvage (un),"kary,saka dia",cat (a wild)
chat (un),"moaro,piso,saka,tabalaka","cat (a),pussy (a)"
chauve-souris,"angavo,fanihy,manavy,ramanavy","bat,flying fox"
cheval,"farasy,soavaly",horse
chèvre,bengy,goat
chèvre (une),osy,goat (a)
chienne (une),"alika,amboa,fandroaka",dog (a)
chiens (des),alika,dog (a)
chien (un),"alika,amboa,fandroaka,kivahy",dog (a)
chiot (un),anoka,puppy (a)
civette,"alazy,fanaloka,jabady,jaboada,jaboady,tambotsodina,telofory","civet,ichneumon"
cochon (un),"kisoa,lambo","boar (a),pig (a)"
dauphin (un),lambondriaka,"porpoise (a),sea hog (a)"
dromadaire,angamia,"camel,dromedary"
dromadaire (un),angamenavava,"camel (a),dromedary (a)"
euplère de goudot,fanaloka,ichneumon
furet,vontsira,ferret
galidie à bandes étroites,boky boky,mongoose (narrow-striped)
galidie,"salana,vontsira",ferret
genette (une),fosa,genet (a)
génisse (une),"omby,vantotr' ombivavy,vantotr' omby","cattle,cow (a),heifer (an),ox (an)"
hapalémur doré,bokombolo mena,lemur (golden bamboo)
hapalémur doré (un),varibolomena,lemur (golden bamboo)
hapalémur,"bokombolo,kotrika","lemur (species of),lemur"
hémicentetes,sora,tenrec (streaked)
hérisson (un),"ambiko,sokina,tambotrika","hedgehog (a),hedgehog tenrec (greater),temnrec (streaked),tenrec (greater hedgehog)"
lapin (un),bitro,"hare (a),rabbit (a)"
lémurien à ventre rouge,"soamiera,tongona",red-bellied lemur
lémurien à ventre rouge,barimaso,lemur (red-bellied)
lémurien (espèce de),"amboanala,kotrika,tsidika,tsidy be","fat-tailed dwarf lemur,lemur (a species of),lemur (species of)"
lémurien (espèce de),"ankombamena,antima,endrina,halo,tsilika,varikaosy",lemur (species of)
lémurien gris,maky,ring-tailed grey lemur
lémurien,"ahay,aiay,alokoteha,ampongy,ankomba valiha,ankomba,apongy,avahy,beharavoaka,bekola,boenga,boengy,bokombolo,dadintsifaky,dredrika,fitiliky,fitily,fotsifaka,fotsife,hahay,halobe,halokotehina,hira,kely be-ohy,kintrontro,komba,sifaka,simpona,simpony,songiky,tantaraolana,tanta,titilivaha,trangalavaka,tsarafangitra,tsibahaka,tsiba,tsidy kely,tsidy,tsimaho,tsitsidy,tsitsihy,tsitsily,vakiandry,vakivoho,varibolo,varikamavo,varika,varikosy","aye-aye,berthe's mouse lemur,coquerel dwarf lemur,grey mouse lemur,lemur,red-tailed sportive lemur,weasel lemur"
lémurien (une espèce de),ankomba malandy,lemur (a kind of)
lémurien (une espècw de),ankombajoby,lemur (a kind of)
lémurien (un),"bandro,hataka",lemur (a)
lémurien (un),"babakoto,gidro","lemur (a),lemur indri (a),mongoose lemur,monkey (a),red-fronted lemur"
lémur (un),gidro,"lemur (a),mongoose lemur,monkey (a),red-fronted lemur"
lémur vari,"varikandana,varikandrana,varikandra,vary","lemur (black-and-white ruffed lemur),lemur (black-and-white ruffed),lemur (blank-and-white ruffed)"
lémur vari rouge,"varimena,variñena",lemur (red ruffed)
lépilémur de milne-edwards,repahaka,"milne-edwards' sportive lemur,milne-edwards' weasel lemur"
lépilémur du nord,mahiabeala,"northern sportive lemur,northern weasel lemur"
lépilémur,boenga,"lemur,red-tailed sportive lemur"
lépilemur,"fitiliky,trangalavaka","lemur,weasel lemur"
lièvre (un),bitro dia,hare (a)
lion,liona,lion
loup,amboadia,wolf
maki (un),gidro,"lemur (a),mongoose lemur,monkey (a),red-fronted lemur"
mangouste à dix raies,boky boky,mongoose (narrow-striped)
marsouin,lambondrano,porpoise
marsouin (un),lambondriaka,"porpoise (a),sea hog (a)"
microcèbe de coquerel,"setohy,siba,tilitilivaha",coquerel's dwarf lemur
microcèbe,"fitily,tsiba,tsidy","coquerel dwarf lemur,grey mouse lemur,lemur"
minet (un),piso,"cat (a),pussy (a)"
minou (un),piso,"cat (a),pussy (a)"
mouton,"aonje,besavily,ondry",sheep
mouton (un),ondrikondrika,lamb (a)
mule,"mole,ramole",mule
mulet,"mole,ramole",mule
petit cheirogale,matavirambo,fat-tailed dwarf lemur
petit microcèbe,"koitsiky,pondiky",gray mouse lemur
porc (un),"kisoa,lambo","boar (a),pig (a)"
propithèque de perrier,rajako,perrier's sifaka
propithèque de verreaux,sifaka-bilany,verreaux's sifaka
rat,"maroantrano,vositse",giant jumping rat
rat (un),"rabaraba,valavo,voalavo",rat (a)
renard,amboahaolo,"dog (a wild),fox (a)"
rhinocéros (un),tokantandroka,rhinoceros (a)
roussette,"andrehy,fanihy,manavibe,ositra","bat,flying fox"
sanglier (un),lambo,"boar (a),pig (a)"
singe,"jako,rajako",monkey
singe (un),gidro,"lemur (a),mongoose lemur,monkey (a),red-fronted lemur"
souris,"kajoy,totozy","mice,mouse"
tangue,trandraka,tenrec (tail-less)
taureau,"lahin' omby,ombalahy",bull
taureau (un),"aombilahy,ombilahy,omby","bull (a),cattle,cow (a),ox (an)"
tenrec aquatique,voalavon-drano,"tenrec (aquatique),tenrec (web-footed)"
tenrec commun,trandraka,tenrec (tail-less)
tenrec (grand),trandraka,tenrec (tail-less)
tenrec hérisson (grand),sokina,"hedgehog (a),hedgehog tenrec (greater),tenrec (greater hedgehog)"
tenrec hérisson (petit),tambotriky,tenrec (lesser hedgehog)
tenrec zébré,ambiko,"hedgehog (a),temnrec (streaked)"
vache (une),omby,"cattle,cow (a),ox (an)"
zébu,jamòka,zebu
zoologie:oiseaux,haibiby:vorona,zoology:birds
aigle (un),voromahery,eagle (an)
aigrette,"karaza,langaraka,langorofotsy,vanofotsy,vanokitsangy,voronomby","egret,heron (species of),heron"
aigrette (une),vorompotsy,egret (an)
alouette,"sorohitra,tentena","lark,skylark"
autruche,"aositrisy,aositritsy",ostrich
bécassine,kitanotano,"rail,snipe"
bergeronnette (une),triotrio,wagtail (a)
bouvreuil nain (un),tsikirity,"bullfinch (a),weaver-finch (a)"
bulbul noir,"horovana,tsikoreva,tsikorovana",bulbul (madagascar black)
buse,"bobaky,tenôro",buzzard
buse (une),fanindry,buzzard (a)
caille (une),"kibobo,kibo,menamaso,papelika",quail (a)
canard à bosse (un),ara,duck (species of)
canard,"angàka,arosy,dokotra,ganagana,kanakana,sadakely,sarindokotra,tahia","duck,goose"
canard (un),"dokitry,tsiriry,vorombazaha","duck (a),teal (a)"
cane,"ganagana,kanakana",duck
cane (une),vorombazaha,duck (a)
cardinal (un),fody,"cardinal (a),rice-bird (a),rice-sparrow (a),weaver-finch (a)"
colombe (une),voromailala,"dove (a),pigeon (a)"
coq,"akôlahy,lampirana",grouse
coq (un),akoholahy,rooster (a)
corbeau,"goaika,goaky,voronkahaka",crow
cormoran,"famefaganty,ramangavia",cormorant
coucou,"laivozake,tolohoranto,tolohovozake",cuckcoo
coucou (un),"kankafotra,toloho","cuckoo (a),cuckoo"
courlis huppé,akoholahinala,crested ibis
crécerelle (une),hitsikitsika,kestrel (a)
dinde (une),vorontsiloza,turkey (a)
dindon (un),vorontsiloza,turkey (a)
drongo malgache,railovy,drongo (crested)
engoulevent,"matoriandro,tantary","goatsucker,nighthawk,nightjar"
engoulevent (espèce d'),fandikalalana,goatsucker (species of)
épervier (un),voromahery,eagle (an)
flamant (un),sama,flamingo (a)
glaréole,viko-viko,pratincole
grèbe,"kiborano,tsiriry,vivy","duck (a),grebe,teal (a),waterfowl"
guinette,fandiafasika,sandpiper (species of)
héron (espèce de),"vanobe,vanofotsy,vanomainty","heron (species of,heron (species of)"
héron,"fiandrivoditatratra,kilandy,langoromavo,rainibao,vanokagira",heron
héron,"koadrano,langoroaomby,langorobe,langorovalala","egret,heron"
héron (un),vano,heron (a)
héron (un),vorompotsy,egret (an)
hibou (espèce de),vorombozaka,owl (an)
hibou (un),vorondolo,owl (an)
hirondelle,"firiotsandro,sidisidina",swallow
hirondelle (une),sidintsidina,swallow (a)
huppe (une),"barao,drao,takadalana,takodara,tsakodara",hoopoe (a)
ibis huppé,akoholahinala,crested ibis
jars (un),gisalahy,gander (a)
martin-pêcheur,"marotaina,vintsy",kingfisher
merle cendré,"horovana,horova",bulbul (madagascar black)
merle,"tsikorevo,tsikorotana",blackbird
mésange,lavasalaka,"titmouse,tit"
milan malgache (un),papango,"hawk (a),kite (a)"
nectarinie,"sohimanga,soimanga",passerine
nectarinie (une),sohihy,passerine (a)
oie,"arosy,gisa,gisy","duck,geese,goose"
oie (une),vorombe,"geese,goose (a)"
oiseau (espèce d'),"antodiana,fangaoka,jery,kiriodanitra,tantary,taotaonkafa,tataraka,tenôro,tentena,tivoky,tontoroka,tretreky,tsakirovy,tsangaritra,tsararaoka,tsidintsidina,tsihitsiky,tsiketriky,tsikiranta,tsikirikirio,tsikorevo,tsimadekitatama,tsimandrialina,tsimatimangina,tsintsina,tsivoko,tsohontsoho,tsokoza,tsoporitiky","bird (kind of),bird (species of)"
oiseau,"faralambotra,sakobonkomana,taotso,tsaporitika,vorondreo","bird,duck"
oiseau (un),"vorona,vôroño","bird (a),waterfowl (a)"
ombrette,takatra,"hammerkop,tufted umber,umber"
paonne (uns),vorombola,"peacock (a),peahen (a)"
paon (un),vorombola,"peacock (a),peahen (a)"
papangue (un),papango,"hawk (a),kite (a)"
perdrix,"katrakatra,tsipoy",partridge
perroquet (espèce de),"boaiza,bodoloha,boeza,boezy",parrot (species of)
perroquet,boloky,parrot
perruche(espèce de),boaiza,parrot (species of)
perruche,"kararôka,kitrioky,sarivazo",parrot
petit duc,torotoroka,scops-owl (malagasy)
phaéton à queue rouge,vorompano,red-tailed tropicbird
pigeon,"finigo,fonimaitso,pakatova",pigeon
pigeon sauvage (un),"domohina,limohy","dove (a),pigeon (a)"
pigeon (un),voromailala,"dove (a),pigeon (a)"
pintade (jeune),pinjo,guinea fowl (young)
pintade (une),"akangalahy,akangavavy,akanga,vitro","guinea fowl (a),guinea hen (a)"
pique-boeufs,voronomby,egret
pluvier (un),vorondriaka,plover (a)
poule d'eau (une),otrika,moorhen (a)
poule,taleva,moorhen
poulet (un gros),vantotrakoho,chicken (large)
poulet (un),akoho,chicken (a)
poule (une),"akohovavy,akoho,reniakoho","chicken (a),hen (a)"
poussin (un),piapiakakoho,chicken (young)
râle,kitanotano,"rail,snipe"
sarcelle (une),tsiriry,"duck (a),teal (a)"
sucrier (un),sohihy,passerine (a)
tarier à collier (un),fitatra,warbler (species of)
tarier (un),feta,warbler (a)
tiercelet (espèce de)),vorombato,"tercel (a),tiercel (a)"
tourterelle,"pakatova,voromahailala dia",pigeon
tourterelle (une),"domohina,limohy","dove (a),pigeon (a)"
zoologie:poissons,haibiby:trondro,zoology:fishes
anguille,"amalona,amalontsorondrano,amalo,atona",eel
black-bass,bilakibasy,black-bass
poisson (espèce de),"angongotsy,angotro,antafampeso,fiana,lafidaka,lôko,rambo,rarinky,takabatra,takobatra,takoropa,tamporoa,tantalody,taotao,tatangy,tefo,telofehy,telosoroko,torisatrana,tretreky,tsiambanindakana,tsiazoroy,tsibiray,tsimanandrefa,tsimananila,tsimatahobaratra,tsingoaka,tsivarava,tsompatra,vahotseradoha,valalandriaka,vosavosa,zano",fish (species of)
poisson,"dojo,fianakoho,fiantsomodahy,fiantsomotse,fiavoalavo,marakely,trondro",fish
poisson (une espèce de),toho,fish (a species of)
requin,"akio,antendromaso,antsingora,soroboa,tendromaso",shark
requin (un),antsantsa,shark (a)
"zoologie:reptiles, amphibiens",haibiby:biby mandady ary biby miain-droa,"zoology:reptiles, amphibians"
aspic (un),fandrefiala,asp (an)
boa (espèce de),do,boa (species of)
boa (un),menarano,boa (a)
caméléon,"amboalava,atahy,kamaitso,kamora,soamarandrana,tanavavy",chameleon
caméléon femelle,kamarabe,chameleon (female)
caméléon (un),tanalahy,chameleon (a)
caméléon (un),"kamara,tana",chameleon (a)
crapaud,"bakaka,sabakaka,saobakaka","frog,toad"
crocodile (un),"mamba,voay",crocodile (a)
grenouille (espèce de),"boketsa,sahondoròka,tsaboketsa","frog (species of),frog"
grenouille,"angoaka,radaka,sabakaka,saobakaka,tsirevo","frog,toad,tree-frog"
grenouille (une),sahona,frog (a)
lézard,"antala,antsiantsy,matahotrandro,sitry,tsatsaka",lizard
lézard,"androngo,anjoso",lizard
marbré,kamara,chameleon (a)
margouillat,tsatsaka,lizard
moucheté,kamara,chameleon (a)
rainette (espèce de),sahombora,tree-frog (species of)
serpent (espèce de),"akoma,ankoma,botri-fotsy,menarana","boa (species of),smake (species of),snake (kind of),snake (species of)"
serpent,"kanify,marolongy,sorioky,tompondrano",snake
serpent (une espèce de),manditra,snake (a species of)
serpent (un),renivitsika,snake (a)
tacheté,kamara,chameleon (a)
tortue de mer (une),"fano,soka-dranomasina",turtle (a sea)
tortue (une),"rere,sokatra","tortoise (a),turtle (a)"
rouge,mena,red
bleu,manga,blue
vert,maitso,green
jaune,mavo,yellow
blanc,fotsy,white
gris,volondavenona,gray
rose,mavokely,pink
orange,volomboasary,orange
violet,volomparasy,purple
marron,volontsôkôlà,brown
stylo,penina,pen
crayon,pensily,pencil
gomme,famafana,eraser
cahier,kahie,notebook
livre,boky,book
sac à dos,kitapo,backpack
règle,règle,ruler
taille-crayon,maranitra pensily,pencil sharpener
trousse,trousse,pencil case
feuille,taratasy,paper
colle,lakaoly,glue
ciseaux,hety,scissors
ardoise,solaitra,chalkboard
craie,kiraoka,chalk
classeur,rakitra,binder
